2026-04-08 09:48:07,316 [INFO] [const_2475] Starting OCR — Constitution 2475 (23 pages)
2026-04-08 09:48:14,581 [INFO] HTTP Request: POST https://api.opentyphoon.ai/v1/chat/completions "HTTP/1.1 200 OK"
2026-04-08 09:48:24,798 [INFO] HTTP Request: POST https://api.opentyphoon.ai/v1/chat/completions "HTTP/1.1 200 OK"
2026-04-08 09:48:34,926 [INFO] HTTP Request: POST https://api.opentyphoon.ai/v1/chat/completions "HTTP/1.1 200 OK"
2026-04-08 09:48:43,451 [INFO] HTTP Request: POST https://api.opentyphoon.ai/v1/chat/completions "HTTP/1.1 200 OK"
2026-04-08 09:48:51,378 [INFO] HTTP Request: POST https://api.opentyphoon.ai/v1/chat/completions "HTTP/1.1 200 OK"
2026-04-08 09:48:57,866 [INFO] HTTP Request: POST https://api.opentyphoon.ai/v1/chat/completions "HTTP/1.1 200 OK"
2026-04-08 09:49:06,488 [INFO] HTTP Request: POST https://api.opentyphoon.ai/v1/chat/completions "HTTP/1.1 200 OK"
2026-04-08 09:49:14,135 [INFO] HTTP Request: POST https://api.opentyphoon.ai/v1/chat/completions "HTTP/1.1 200 OK"
2026-04-08 09:49:22,113 [INFO] HTTP Request: POST https://api.opentyphoon.ai/v1/chat/completions "HTTP/1.1 200 OK"
2026-04-08 09:49:30,466 [INFO] HTTP Request: POST https://api.opentyphoon.ai/v1/chat/completions "HTTP/1.1 200 OK"
2026-04-08 09:49:37,776 [INFO] HTTP Request: POST https://api.opentyphoon.ai/v1/chat/completions "HTTP/1.1 200 OK"
2026-04-08 09:49:45,960 [INFO] HTTP Request: POST https://api.opentyphoon.ai/v1/chat/completions "HTTP/1.1 200 OK"
2026-04-08 09:49:53,908 [INFO] HTTP Request: POST https://api.opentyphoon.ai/v1/chat/completions "HTTP/1.1 200 OK"
2026-04-08 09:50:02,177 [INFO] HTTP Request: POST https://api.opentyphoon.ai/v1/chat/completions "HTTP/1.1 200 OK"
2026-04-08 09:50:11,426 [INFO] HTTP Request: POST https://api.opentyphoon.ai/v1/chat/completions "HTTP/1.1 200 OK"
2026-04-08 09:50:19,572 [INFO] HTTP Request: POST https://api.opentyphoon.ai/v1/chat/completions "HTTP/1.1 200 OK"
2026-04-08 09:50:27,248 [INFO] HTTP Request: POST https://api.opentyphoon.ai/v1/chat/completions "HTTP/1.1 200 OK"
2026-04-08 09:50:35,468 [INFO] HTTP Request: POST https://api.opentyphoon.ai/v1/chat/completions "HTTP/1.1 200 OK"
2026-04-08 09:50:43,772 [INFO] HTTP Request: POST https://api.opentyphoon.ai/v1/chat/completions "HTTP/1.1 200 OK"
2026-04-08 09:50:50,217 [INFO] HTTP Request: POST https://api.opentyphoon.ai/v1/chat/completions "HTTP/1.1 200 OK"
2026-04-08 09:50:58,143 [INFO] HTTP Request: POST https://api.opentyphoon.ai/v1/chat/completions "HTTP/1.1 200 OK"
2026-04-08 09:51:06,441 [INFO] HTTP Request: POST https://api.opentyphoon.ai/v1/chat/completions "HTTP/1.1 200 OK"
2026-04-08 09:51:13,699 [INFO] HTTP Request: POST https://api.opentyphoon.ai/v1/chat/completions "HTTP/1.1 200 OK"
2026-04-08 09:51:13,704 [INFO] [const_2475] Done — 23 pages, 18,946 characters
2026-04-08 09:51:13,715 [INFO] [const_2482] Starting OCR — Constitution 2482 (2 pages)
2026-04-08 09:51:17,515 [INFO] HTTP Request: POST https://api.opentyphoon.ai/v1/chat/completions "HTTP/1.1 200 OK"
2026-04-08 09:51:23,987 [INFO] HTTP Request: POST https://api.opentyphoon.ai/v1/chat/completions "HTTP/1.1 200 OK"
2026-04-08 09:51:23,991 [INFO] [const_2482] Done — 2 pages, 988 characters
2026-04-08 09:51:24,006 [INFO] [const_2483] Starting OCR — Constitution 2483 (3 pages)
2026-04-08 09:51:26,655 [INFO] HTTP Request: POST https://api.opentyphoon.ai/v1/chat/completions "HTTP/1.1 200 OK"
2026-04-08 09:51:35,204 [INFO] HTTP Request: POST https://api.opentyphoon.ai/v1/chat/completions "HTTP/1.1 200 OK"
2026-04-08 09:51:41,567 [INFO] HTTP Request: POST https://api.opentyphoon.ai/v1/chat/completions "HTTP/1.1 200 OK"
2026-04-08 09:51:41,572 [INFO] [const_2483] Done — 3 pages, 1,506 characters
2026-04-08 09:51:41,585 [INFO] [const_2485] Starting OCR — Constitution 2485 (3 pages)
2026-04-08 09:51:44,202 [INFO] HTTP Request: POST https://api.opentyphoon.ai/v1/chat/completions "HTTP/1.1 200 OK"
2026-04-08 09:51:51,750 [INFO] HTTP Request: POST https://api.opentyphoon.ai/v1/chat/completions "HTTP/1.1 200 OK"
2026-04-08 09:51:58,942 [INFO] HTTP Request: POST https://api.opentyphoon.ai/v1/chat/completions "HTTP/1.1 200 OK"
2026-04-08 09:51:58,946 [INFO] [const_2485] Done — 3 pages, 1,743 characters
2026-04-08 09:51:58,960 [INFO] [const_2489] Starting OCR — Constitution 2489 (51 pages)
2026-04-08 09:52:01,939 [INFO] HTTP Request: POST https://api.opentyphoon.ai/v1/chat/completions "HTTP/1.1 200 OK"
2026-04-08 09:52:10,376 [INFO] HTTP Request: POST https://api.opentyphoon.ai/v1/chat/completions "HTTP/1.1 200 OK"
2026-04-08 09:52:16,795 [INFO] HTTP Request: POST https://api.opentyphoon.ai/v1/chat/completions "HTTP/1.1 200 OK"
2026-04-08 09:52:23,677 [INFO] HTTP Request: POST https://api.opentyphoon.ai/v1/chat/completions "HTTP/1.1 200 OK"
2026-04-08 09:52:32,242 [INFO] HTTP Request: POST https://api.opentyphoon.ai/v1/chat/completions "HTTP/1.1 200 OK"
2026-04-08 09:52:40,142 [INFO] HTTP Request: POST https://api.opentyphoon.ai/v1/chat/completions "HTTP/1.1 200 OK"
2026-04-08 09:52:45,540 [INFO] HTTP Request: POST https://api.opentyphoon.ai/v1/chat/completions "HTTP/1.1 200 OK"
2026-04-08 09:52:51,908 [INFO] HTTP Request: POST https://api.opentyphoon.ai/v1/chat/completions "HTTP/1.1 200 OK"
2026-04-08 09:52:58,101 [INFO] HTTP Request: POST https://api.opentyphoon.ai/v1/chat/completions "HTTP/1.1 200 OK"
2026-04-08 09:53:04,398 [INFO] HTTP Request: POST https://api.opentyphoon.ai/v1/chat/completions "HTTP/1.1 200 OK"
2026-04-08 09:53:11,408 [INFO] HTTP Request: POST https://api.opentyphoon.ai/v1/chat/completions "HTTP/1.1 200 OK"
2026-04-08 09:53:18,407 [INFO] HTTP Request: POST https://api.opentyphoon.ai/v1/chat/completions "HTTP/1.1 200 OK"
2026-04-08 09:53:26,717 [INFO] HTTP Request: POST https://api.opentyphoon.ai/v1/chat/completions "HTTP/1.1 200 OK"
2026-04-08 09:53:32,684 [INFO] HTTP Request: POST https://api.opentyphoon.ai/v1/chat/completions "HTTP/1.1 200 OK"
2026-04-08 09:53:42,087 [INFO] HTTP Request: POST https://api.opentyphoon.ai/v1/chat/completions "HTTP/1.1 200 OK"
2026-04-08 09:53:50,370 [INFO] HTTP Request: POST https://api.opentyphoon.ai/v1/chat/completions "HTTP/1.1 200 OK"
2026-04-08 09:53:56,453 [INFO] HTTP Request: POST https://api.opentyphoon.ai/v1/chat/completions "HTTP/1.1 200 OK"
2026-04-08 09:54:03,772 [INFO] HTTP Request: POST https://api.opentyphoon.ai/v1/chat/completions "HTTP/1.1 200 OK"
2026-04-08 09:54:09,973 [INFO] HTTP Request: POST https://api.opentyphoon.ai/v1/chat/completions "HTTP/1.1 200 OK"
2026-04-08 09:54:17,637 [INFO] HTTP Request: POST https://api.opentyphoon.ai/v1/chat/completions "HTTP/1.1 200 OK"
2026-04-08 09:54:24,384 [INFO] HTTP Request: POST https://api.opentyphoon.ai/v1/chat/completions "HTTP/1.1 200 OK"
2026-04-08 09:54:33,646 [INFO] HTTP Request: POST https://api.opentyphoon.ai/v1/chat/completions "HTTP/1.1 200 OK"
2026-04-08 09:54:42,435 [INFO] HTTP Request: POST https://api.opentyphoon.ai/v1/chat/completions "HTTP/1.1 200 OK"
2026-04-08 09:54:51,081 [INFO] HTTP Request: POST https://api.opentyphoon.ai/v1/chat/completions "HTTP/1.1 200 OK"
2026-04-08 09:54:58,931 [INFO] HTTP Request: POST https://api.opentyphoon.ai/v1/chat/completions "HTTP/1.1 200 OK"
2026-04-08 09:55:10,250 [INFO] HTTP Request: POST https://api.opentyphoon.ai/v1/chat/completions "HTTP/1.1 200 OK"
2026-04-08 09:55:16,390 [INFO] HTTP Request: POST https://api.opentyphoon.ai/v1/chat/completions "HTTP/1.1 200 OK"
2026-04-08 09:55:22,856 [INFO] HTTP Request: POST https://api.opentyphoon.ai/v1/chat/completions "HTTP/1.1 200 OK"
2026-04-08 09:55:29,205 [INFO] HTTP Request: POST https://api.opentyphoon.ai/v1/chat/completions "HTTP/1.1 200 OK"
2026-04-08 09:55:36,469 [INFO] HTTP Request: POST https://api.opentyphoon.ai/v1/chat/completions "HTTP/1.1 200 OK"
2026-04-08 09:55:43,762 [INFO] HTTP Request: POST https://api.opentyphoon.ai/v1/chat/completions "HTTP/1.1 200 OK"
2026-04-08 09:55:49,621 [INFO] HTTP Request: POST https://api.opentyphoon.ai/v1/chat/completions "HTTP/1.1 200 OK"
2026-04-08 09:55:56,428 [INFO] HTTP Request: POST https://api.opentyphoon.ai/v1/chat/completions "HTTP/1.1 200 OK"
2026-04-08 09:56:02,821 [INFO] HTTP Request: POST https://api.opentyphoon.ai/v1/chat/completions "HTTP/1.1 200 OK"
2026-04-08 09:56:09,149 [INFO] HTTP Request: POST https://api.opentyphoon.ai/v1/chat/completions "HTTP/1.1 200 OK"
2026-04-08 09:56:20,843 [INFO] HTTP Request: POST https://api.opentyphoon.ai/v1/chat/completions "HTTP/1.1 200 OK"
2026-04-08 09:56:28,712 [INFO] HTTP Request: POST https://api.opentyphoon.ai/v1/chat/completions "HTTP/1.1 200 OK"
2026-04-08 09:56:36,641 [INFO] HTTP Request: POST https://api.opentyphoon.ai/v1/chat/completions "HTTP/1.1 200 OK"
2026-04-08 09:56:42,956 [INFO] HTTP Request: POST https://api.opentyphoon.ai/v1/chat/completions "HTTP/1.1 200 OK"
2026-04-08 09:56:52,893 [INFO] HTTP Request: POST https://api.opentyphoon.ai/v1/chat/completions "HTTP/1.1 200 OK"
2026-04-08 09:56:58,648 [INFO] HTTP Request: POST https://api.opentyphoon.ai/v1/chat/completions "HTTP/1.1 200 OK"
2026-04-08 09:57:05,235 [INFO] HTTP Request: POST https://api.opentyphoon.ai/v1/chat/completions "HTTP/1.1 200 OK"
2026-04-08 09:57:13,741 [INFO] HTTP Request: POST https://api.opentyphoon.ai/v1/chat/completions "HTTP/1.1 200 OK"
2026-04-08 09:57:21,372 [INFO] HTTP Request: POST https://api.opentyphoon.ai/v1/chat/completions "HTTP/1.1 200 OK"
2026-04-08 09:57:29,696 [INFO] HTTP Request: POST https://api.opentyphoon.ai/v1/chat/completions "HTTP/1.1 200 OK"
2026-04-08 09:57:38,771 [INFO] HTTP Request: POST https://api.opentyphoon.ai/v1/chat/completions "HTTP/1.1 200 OK"
2026-04-08 09:57:46,109 [INFO] HTTP Request: POST https://api.opentyphoon.ai/v1/chat/completions "HTTP/1.1 200 OK"
2026-04-08 09:57:55,125 [INFO] HTTP Request: POST https://api.opentyphoon.ai/v1/chat/completions "HTTP/1.1 200 OK"
2026-04-08 09:58:03,633 [INFO] HTTP Request: POST https://api.opentyphoon.ai/v1/chat/completions "HTTP/1.1 200 OK"
2026-04-08 09:58:10,519 [INFO] HTTP Request: POST https://api.opentyphoon.ai/v1/chat/completions "HTTP/1.1 200 OK"
2026-04-08 09:58:18,262 [INFO] HTTP Request: POST https://api.opentyphoon.ai/v1/chat/completions "HTTP/1.1 200 OK"
2026-04-08 09:58:18,269 [INFO] [const_2489] Done — 51 pages, 37,739 characters
2026-04-08 09:58:18,285 [INFO] [const_2490a] Starting OCR — Constitution 2490 (interim) (32 pages)
2026-04-08 09:58:21,939 [INFO] HTTP Request: POST https://api.opentyphoon.ai/v1/chat/completions "HTTP/1.1 200 OK"
2026-04-08 09:58:28,553 [INFO] HTTP Request: POST https://api.opentyphoon.ai/v1/chat/completions "HTTP/1.1 200 OK"
2026-04-08 09:58:34,942 [INFO] HTTP Request: POST https://api.opentyphoon.ai/v1/chat/completions "HTTP/1.1 200 OK"
2026-04-08 09:58:40,992 [INFO] HTTP Request: POST https://api.opentyphoon.ai/v1/chat/completions "HTTP/1.1 200 OK"
2026-04-08 09:58:48,825 [INFO] HTTP Request: POST https://api.opentyphoon.ai/v1/chat/completions "HTTP/1.1 200 OK"
2026-04-08 09:58:55,889 [INFO] HTTP Request: POST https://api.opentyphoon.ai/v1/chat/completions "HTTP/1.1 200 OK"
2026-04-08 09:59:03,002 [INFO] HTTP Request: POST https://api.opentyphoon.ai/v1/chat/completions "HTTP/1.1 200 OK"
2026-04-08 09:59:12,329 [INFO] HTTP Request: POST https://api.opentyphoon.ai/v1/chat/completions "HTTP/1.1 200 OK"
2026-04-08 09:59:19,307 [INFO] HTTP Request: POST https://api.opentyphoon.ai/v1/chat/completions "HTTP/1.1 200 OK"
2026-04-08 09:59:25,950 [INFO] HTTP Request: POST https://api.opentyphoon.ai/v1/chat/completions "HTTP/1.1 200 OK"
2026-04-08 09:59:32,283 [INFO] HTTP Request: POST https://api.opentyphoon.ai/v1/chat/completions "HTTP/1.1 200 OK"
2026-04-08 09:59:39,584 [INFO] HTTP Request: POST https://api.opentyphoon.ai/v1/chat/completions "HTTP/1.1 200 OK"
2026-04-08 09:59:45,896 [INFO] HTTP Request: POST https://api.opentyphoon.ai/v1/chat/completions "HTTP/1.1 200 OK"
2026-04-08 09:59:53,048 [INFO] HTTP Request: POST https://api.opentyphoon.ai/v1/chat/completions "HTTP/1.1 200 OK"
2026-04-08 09:59:59,395 [INFO] HTTP Request: POST https://api.opentyphoon.ai/v1/chat/completions "HTTP/1.1 200 OK"
2026-04-08 10:00:06,501 [INFO] HTTP Request: POST https://api.opentyphoon.ai/v1/chat/completions "HTTP/1.1 200 OK"
2026-04-08 10:00:14,110 [INFO] HTTP Request: POST https://api.opentyphoon.ai/v1/chat/completions "HTTP/1.1 200 OK"
2026-04-08 10:00:22,207 [INFO] HTTP Request: POST https://api.opentyphoon.ai/v1/chat/completions "HTTP/1.1 200 OK"
2026-04-08 10:00:29,026 [INFO] HTTP Request: POST https://api.opentyphoon.ai/v1/chat/completions "HTTP/1.1 200 OK"
2026-04-08 10:00:37,349 [INFO] HTTP Request: POST https://api.opentyphoon.ai/v1/chat/completions "HTTP/1.1 200 OK"
2026-04-08 10:00:44,387 [INFO] HTTP Request: POST https://api.opentyphoon.ai/v1/chat/completions "HTTP/1.1 200 OK"
2026-04-08 10:00:51,185 [INFO] HTTP Request: POST https://api.opentyphoon.ai/v1/chat/completions "HTTP/1.1 200 OK"
2026-04-08 10:00:57,909 [INFO] HTTP Request: POST https://api.opentyphoon.ai/v1/chat/completions "HTTP/1.1 200 OK"
2026-04-08 10:01:05,148 [INFO] HTTP Request: POST https://api.opentyphoon.ai/v1/chat/completions "HTTP/1.1 200 OK"
2026-04-08 10:01:12,866 [INFO] HTTP Request: POST https://api.opentyphoon.ai/v1/chat/completions "HTTP/1.1 200 OK"
2026-04-08 10:01:20,263 [INFO] HTTP Request: POST https://api.opentyphoon.ai/v1/chat/completions "HTTP/1.1 200 OK"
2026-04-08 10:01:28,040 [INFO] HTTP Request: POST https://api.opentyphoon.ai/v1/chat/completions "HTTP/1.1 200 OK"
2026-04-08 10:01:35,546 [INFO] HTTP Request: POST https://api.opentyphoon.ai/v1/chat/completions "HTTP/1.1 200 OK"
2026-04-08 10:01:45,340 [INFO] HTTP Request: POST https://api.opentyphoon.ai/v1/chat/completions "HTTP/1.1 200 OK"
2026-04-08 10:01:51,611 [INFO] HTTP Request: POST https://api.opentyphoon.ai/v1/chat/completions "HTTP/1.1 200 OK"
2026-04-08 10:01:59,558 [INFO] HTTP Request: POST https://api.opentyphoon.ai/v1/chat/completions "HTTP/1.1 200 OK"
2026-04-08 10:02:05,033 [INFO] HTTP Request: POST https://api.opentyphoon.ai/v1/chat/completions "HTTP/1.1 200 OK"
2026-04-08 10:02:05,038 [INFO] [const_2490a] Done — 32 pages, 22,849 characters
2026-04-08 10:02:05,052 [INFO] [const_2490b] Starting OCR — Constitution 2490 (amended) (4 pages)
2026-04-08 10:02:08,098 [INFO] HTTP Request: POST https://api.opentyphoon.ai/v1/chat/completions "HTTP/1.1 200 OK"
2026-04-08 10:02:15,503 [INFO] HTTP Request: POST https://api.opentyphoon.ai/v1/chat/completions "HTTP/1.1 200 OK"
2026-04-08 10:02:23,831 [INFO] HTTP Request: POST https://api.opentyphoon.ai/v1/chat/completions "HTTP/1.1 200 OK"
2026-04-08 10:02:28,999 [INFO] HTTP Request: POST https://api.opentyphoon.ai/v1/chat/completions "HTTP/1.1 200 OK"
2026-04-08 10:02:29,003 [INFO] [const_2490b] Done — 4 pages, 2,309 characters
2026-04-08 10:02:29,018 [INFO] [const_2491a] Starting OCR — Constitution 2491 (No.2) (8 pages)
2026-04-08 10:02:31,610 [INFO] HTTP Request: POST https://api.opentyphoon.ai/v1/chat/completions "HTTP/1.1 200 OK"
2026-04-08 10:02:39,469 [INFO] HTTP Request: POST https://api.opentyphoon.ai/v1/chat/completions "HTTP/1.1 200 OK"
2026-04-08 10:02:45,604 [INFO] HTTP Request: POST https://api.opentyphoon.ai/v1/chat/completions "HTTP/1.1 200 OK"
2026-04-08 10:02:53,359 [INFO] HTTP Request: POST https://api.opentyphoon.ai/v1/chat/completions "HTTP/1.1 200 OK"
2026-04-08 10:03:00,102 [INFO] HTTP Request: POST https://api.opentyphoon.ai/v1/chat/completions "HTTP/1.1 200 OK"
2026-04-08 10:03:06,446 [INFO] HTTP Request: POST https://api.opentyphoon.ai/v1/chat/completions "HTTP/1.1 200 OK"
2026-04-08 10:03:13,535 [INFO] HTTP Request: POST https://api.opentyphoon.ai/v1/chat/completions "HTTP/1.1 200 OK"
2026-04-08 10:03:20,021 [INFO] HTTP Request: POST https://api.opentyphoon.ai/v1/chat/completions "HTTP/1.1 200 OK"
2026-04-08 10:03:20,025 [INFO] [const_2491a] Done — 8 pages, 5,564 characters
2026-04-08 10:03:20,057 [INFO] [const_2491b] Starting OCR — Constitution 2491 (No.3) (2 pages)
2026-04-08 10:03:23,898 [INFO] HTTP Request: POST https://api.opentyphoon.ai/v1/chat/completions "HTTP/1.1 200 OK"
2026-04-08 10:03:30,438 [INFO] HTTP Request: POST https://api.opentyphoon.ai/v1/chat/completions "HTTP/1.1 200 OK"
2026-04-08 10:03:30,447 [INFO] [const_2491b] Done — 2 pages, 729 characters
2026-04-08 10:03:30,473 [INFO] [const_2492] Starting OCR — Constitution 2492 (80 pages)
2026-04-08 10:03:33,055 [INFO] HTTP Request: POST https://api.opentyphoon.ai/v1/chat/completions "HTTP/1.1 200 OK"
2026-04-08 10:03:41,462 [INFO] HTTP Request: POST https://api.opentyphoon.ai/v1/chat/completions "HTTP/1.1 200 OK"
2026-04-08 10:03:48,458 [INFO] HTTP Request: POST https://api.opentyphoon.ai/v1/chat/completions "HTTP/1.1 200 OK"
2026-04-08 10:03:57,032 [INFO] HTTP Request: POST https://api.opentyphoon.ai/v1/chat/completions "HTTP/1.1 200 OK"
2026-04-08 10:04:04,596 [INFO] HTTP Request: POST https://api.opentyphoon.ai/v1/chat/completions "HTTP/1.1 200 OK"
2026-04-08 10:04:12,579 [INFO] HTTP Request: POST https://api.opentyphoon.ai/v1/chat/completions "HTTP/1.1 200 OK"
2026-04-08 10:04:19,048 [INFO] HTTP Request: POST https://api.opentyphoon.ai/v1/chat/completions "HTTP/1.1 200 OK"
2026-04-08 10:04:25,996 [INFO] HTTP Request: POST https://api.opentyphoon.ai/v1/chat/completions "HTTP/1.1 200 OK"
2026-04-08 10:04:32,737 [INFO] HTTP Request: POST https://api.opentyphoon.ai/v1/chat/completions "HTTP/1.1 200 OK"
2026-04-08 10:04:39,948 [INFO] HTTP Request: POST https://api.opentyphoon.ai/v1/chat/completions "HTTP/1.1 200 OK"
2026-04-08 10:04:46,482 [INFO] HTTP Request: POST https://api.opentyphoon.ai/v1/chat/completions "HTTP/1.1 200 OK"
2026-04-08 10:04:53,266 [INFO] HTTP Request: POST https://api.opentyphoon.ai/v1/chat/completions "HTTP/1.1 200 OK"
2026-04-08 10:05:01,706 [INFO] HTTP Request: POST https://api.opentyphoon.ai/v1/chat/completions "HTTP/1.1 200 OK"
2026-04-08 10:05:09,492 [INFO] HTTP Request: POST https://api.opentyphoon.ai/v1/chat/completions "HTTP/1.1 200 OK"
2026-04-08 10:05:15,638 [INFO] HTTP Request: POST https://api.opentyphoon.ai/v1/chat/completions "HTTP/1.1 200 OK"
2026-04-08 10:05:23,166 [INFO] HTTP Request: POST https://api.opentyphoon.ai/v1/chat/completions "HTTP/1.1 200 OK"
2026-04-08 10:05:30,352 [INFO] HTTP Request: POST https://api.opentyphoon.ai/v1/chat/completions "HTTP/1.1 200 OK"
2026-04-08 10:05:37,659 [INFO] HTTP Request: POST https://api.opentyphoon.ai/v1/chat/completions "HTTP/1.1 200 OK"
2026-04-08 10:05:45,754 [INFO] HTTP Request: POST https://api.opentyphoon.ai/v1/chat/completions "HTTP/1.1 200 OK"
2026-04-08 10:05:52,318 [INFO] HTTP Request: POST https://api.opentyphoon.ai/v1/chat/completions "HTTP/1.1 200 OK"
2026-04-08 10:06:02,153 [INFO] HTTP Request: POST https://api.opentyphoon.ai/v1/chat/completions "HTTP/1.1 200 OK"
2026-04-08 10:06:08,266 [INFO] HTTP Request: POST https://api.opentyphoon.ai/v1/chat/completions "HTTP/1.1 200 OK"
2026-04-08 10:06:14,935 [INFO] HTTP Request: POST https://api.opentyphoon.ai/v1/chat/completions "HTTP/1.1 200 OK"
2026-04-08 10:06:22,394 [INFO] HTTP Request: POST https://api.opentyphoon.ai/v1/chat/completions "HTTP/1.1 200 OK"
2026-04-08 10:06:30,026 [INFO] HTTP Request: POST https://api.opentyphoon.ai/v1/chat/completions "HTTP/1.1 200 OK"
2026-04-08 10:06:36,978 [INFO] HTTP Request: POST https://api.opentyphoon.ai/v1/chat/completions "HTTP/1.1 200 OK"
2026-04-08 10:06:43,892 [INFO] HTTP Request: POST https://api.opentyphoon.ai/v1/chat/completions "HTTP/1.1 200 OK"
2026-04-08 10:06:51,431 [INFO] HTTP Request: POST https://api.opentyphoon.ai/v1/chat/completions "HTTP/1.1 200 OK"
2026-04-08 10:06:57,659 [INFO] HTTP Request: POST https://api.opentyphoon.ai/v1/chat/completions "HTTP/1.1 200 OK"
2026-04-08 10:07:04,543 [INFO] HTTP Request: POST https://api.opentyphoon.ai/v1/chat/completions "HTTP/1.1 200 OK"
2026-04-08 10:07:11,157 [INFO] HTTP Request: POST https://api.opentyphoon.ai/v1/chat/completions "HTTP/1.1 200 OK"
2026-04-08 10:07:17,197 [INFO] HTTP Request: POST https://api.opentyphoon.ai/v1/chat/completions "HTTP/1.1 200 OK"
2026-04-08 10:07:24,122 [INFO] HTTP Request: POST https://api.opentyphoon.ai/v1/chat/completions "HTTP/1.1 200 OK"
2026-04-08 10:07:32,300 [INFO] HTTP Request: POST https://api.opentyphoon.ai/v1/chat/completions "HTTP/1.1 200 OK"
2026-04-08 10:07:38,792 [INFO] HTTP Request: POST https://api.opentyphoon.ai/v1/chat/completions "HTTP/1.1 200 OK"
2026-04-08 10:07:44,514 [INFO] HTTP Request: POST https://api.opentyphoon.ai/v1/chat/completions "HTTP/1.1 200 OK"
2026-04-08 10:07:52,293 [INFO] HTTP Request: POST https://api.opentyphoon.ai/v1/chat/completions "HTTP/1.1 200 OK"
2026-04-08 10:07:58,325 [INFO] HTTP Request: POST https://api.opentyphoon.ai/v1/chat/completions "HTTP/1.1 200 OK"
2026-04-08 10:08:04,587 [INFO] HTTP Request: POST https://api.opentyphoon.ai/v1/chat/completions "HTTP/1.1 200 OK"
2026-04-08 10:08:11,796 [INFO] HTTP Request: POST https://api.opentyphoon.ai/v1/chat/completions "HTTP/1.1 200 OK"
2026-04-08 10:08:17,286 [INFO] HTTP Request: POST https://api.opentyphoon.ai/v1/chat/completions "HTTP/1.1 200 OK"
2026-04-08 10:08:23,536 [INFO] HTTP Request: POST https://api.opentyphoon.ai/v1/chat/completions "HTTP/1.1 200 OK"
2026-04-08 10:08:30,236 [INFO] HTTP Request: POST https://api.opentyphoon.ai/v1/chat/completions "HTTP/1.1 200 OK"
2026-04-08 10:08:37,682 [INFO] HTTP Request: POST https://api.opentyphoon.ai/v1/chat/completions "HTTP/1.1 200 OK"
2026-04-08 10:08:44,142 [INFO] HTTP Request: POST https://api.opentyphoon.ai/v1/chat/completions "HTTP/1.1 200 OK"
2026-04-08 10:08:50,963 [INFO] HTTP Request: POST https://api.opentyphoon.ai/v1/chat/completions "HTTP/1.1 200 OK"
2026-04-08 10:08:57,455 [INFO] HTTP Request: POST https://api.opentyphoon.ai/v1/chat/completions "HTTP/1.1 200 OK"
2026-04-08 10:09:04,445 [INFO] HTTP Request: POST https://api.opentyphoon.ai/v1/chat/completions "HTTP/1.1 200 OK"
2026-04-08 10:09:12,119 [INFO] HTTP Request: POST https://api.opentyphoon.ai/v1/chat/completions "HTTP/1.1 200 OK"
2026-04-08 10:09:19,452 [INFO] HTTP Request: POST https://api.opentyphoon.ai/v1/chat/completions "HTTP/1.1 200 OK"
2026-04-08 10:09:25,948 [INFO] HTTP Request: POST https://api.opentyphoon.ai/v1/chat/completions "HTTP/1.1 200 OK"
2026-04-08 10:09:32,316 [INFO] HTTP Request: POST https://api.opentyphoon.ai/v1/chat/completions "HTTP/1.1 200 OK"
2026-04-08 10:09:38,966 [INFO] HTTP Request: POST https://api.opentyphoon.ai/v1/chat/completions "HTTP/1.1 200 OK"
2026-04-08 10:09:45,809 [INFO] HTTP Request: POST https://api.opentyphoon.ai/v1/chat/completions "HTTP/1.1 200 OK"
2026-04-08 10:09:52,500 [INFO] HTTP Request: POST https://api.opentyphoon.ai/v1/chat/completions "HTTP/1.1 200 OK"
2026-04-08 10:09:59,601 [INFO] HTTP Request: POST https://api.opentyphoon.ai/v1/chat/completions "HTTP/1.1 200 OK"
2026-04-08 10:10:05,415 [INFO] HTTP Request: POST https://api.opentyphoon.ai/v1/chat/completions "HTTP/1.1 200 OK"
2026-04-08 10:10:12,360 [INFO] HTTP Request: POST https://api.opentyphoon.ai/v1/chat/completions "HTTP/1.1 200 OK"
2026-04-08 10:10:18,896 [INFO] HTTP Request: POST https://api.opentyphoon.ai/v1/chat/completions "HTTP/1.1 200 OK"
2026-04-08 10:10:25,587 [INFO] HTTP Request: POST https://api.opentyphoon.ai/v1/chat/completions "HTTP/1.1 200 OK"
2026-04-08 10:10:32,656 [INFO] HTTP Request: POST https://api.opentyphoon.ai/v1/chat/completions "HTTP/1.1 200 OK"
2026-04-08 10:10:39,391 [INFO] HTTP Request: POST https://api.opentyphoon.ai/v1/chat/completions "HTTP/1.1 200 OK"
2026-04-08 10:10:46,087 [INFO] HTTP Request: POST https://api.opentyphoon.ai/v1/chat/completions "HTTP/1.1 200 OK"
2026-04-08 10:10:52,752 [INFO] HTTP Request: POST https://api.opentyphoon.ai/v1/chat/completions "HTTP/1.1 200 OK"
2026-04-08 10:10:59,704 [INFO] HTTP Request: POST https://api.opentyphoon.ai/v1/chat/completions "HTTP/1.1 200 OK"
2026-04-08 10:11:07,120 [INFO] HTTP Request: POST https://api.opentyphoon.ai/v1/chat/completions "HTTP/1.1 200 OK"
2026-04-08 10:11:13,522 [INFO] HTTP Request: POST https://api.opentyphoon.ai/v1/chat/completions "HTTP/1.1 200 OK"
2026-04-08 10:11:20,255 [INFO] HTTP Request: POST https://api.opentyphoon.ai/v1/chat/completions "HTTP/1.1 200 OK"
2026-04-08 10:11:27,347 [INFO] HTTP Request: POST https://api.opentyphoon.ai/v1/chat/completions "HTTP/1.1 200 OK"
2026-04-08 10:11:34,118 [INFO] HTTP Request: POST https://api.opentyphoon.ai/v1/chat/completions "HTTP/1.1 200 OK"
2026-04-08 10:11:40,630 [INFO] HTTP Request: POST https://api.opentyphoon.ai/v1/chat/completions "HTTP/1.1 200 OK"
2026-04-08 10:11:47,334 [INFO] HTTP Request: POST https://api.opentyphoon.ai/v1/chat/completions "HTTP/1.1 200 OK"
2026-04-08 10:11:53,087 [INFO] HTTP Request: POST https://api.opentyphoon.ai/v1/chat/completions "HTTP/1.1 200 OK"
2026-04-08 10:11:58,949 [INFO] HTTP Request: POST https://api.opentyphoon.ai/v1/chat/completions "HTTP/1.1 200 OK"
2026-04-08 10:12:06,491 [INFO] HTTP Request: POST https://api.opentyphoon.ai/v1/chat/completions "HTTP/1.1 200 OK"
2026-04-08 10:12:13,278 [INFO] HTTP Request: POST https://api.opentyphoon.ai/v1/chat/completions "HTTP/1.1 200 OK"
2026-04-08 10:12:22,746 [INFO] HTTP Request: POST https://api.opentyphoon.ai/v1/chat/completions "HTTP/1.1 200 OK"
2026-04-08 10:12:30,673 [INFO] HTTP Request: POST https://api.opentyphoon.ai/v1/chat/completions "HTTP/1.1 200 OK"
2026-04-08 10:12:38,647 [INFO] HTTP Request: POST https://api.opentyphoon.ai/v1/chat/completions "HTTP/1.1 200 OK"
2026-04-08 10:12:43,798 [INFO] HTTP Request: POST https://api.opentyphoon.ai/v1/chat/completions "HTTP/1.1 200 OK"
2026-04-08 10:12:43,805 [INFO] [const_2492] Done — 80 pages, 60,767 characters
2026-04-08 10:12:43,819 [INFO] [const_2495] Starting OCR — Constitution 2495 (40 pages)
2026-04-08 10:12:47,049 [INFO] HTTP Request: POST https://api.opentyphoon.ai/v1/chat/completions "HTTP/1.1 200 OK"
2026-04-08 10:12:57,821 [INFO] HTTP Request: POST https://api.opentyphoon.ai/v1/chat/completions "HTTP/1.1 200 OK"
2026-04-08 10:13:06,445 [INFO] HTTP Request: POST https://api.opentyphoon.ai/v1/chat/completions "HTTP/1.1 200 OK"
2026-04-08 10:13:13,470 [INFO] HTTP Request: POST https://api.opentyphoon.ai/v1/chat/completions "HTTP/1.1 200 OK"
2026-04-08 10:13:20,355 [INFO] HTTP Request: POST https://api.opentyphoon.ai/v1/chat/completions "HTTP/1.1 200 OK"
2026-04-08 10:13:27,230 [INFO] HTTP Request: POST https://api.opentyphoon.ai/v1/chat/completions "HTTP/1.1 200 OK"
2026-04-08 10:13:34,803 [INFO] HTTP Request: POST https://api.opentyphoon.ai/v1/chat/completions "HTTP/1.1 200 OK"
2026-04-08 10:13:42,852 [INFO] HTTP Request: POST https://api.opentyphoon.ai/v1/chat/completions "HTTP/1.1 200 OK"
2026-04-08 10:13:51,575 [INFO] HTTP Request: POST https://api.opentyphoon.ai/v1/chat/completions "HTTP/1.1 200 OK"
2026-04-08 10:13:59,199 [INFO] HTTP Request: POST https://api.opentyphoon.ai/v1/chat/completions "HTTP/1.1 200 OK"
2026-04-08 10:14:07,086 [INFO] HTTP Request: POST https://api.opentyphoon.ai/v1/chat/completions "HTTP/1.1 200 OK"
2026-04-08 10:14:13,780 [INFO] HTTP Request: POST https://api.opentyphoon.ai/v1/chat/completions "HTTP/1.1 200 OK"
2026-04-08 10:14:21,269 [INFO] HTTP Request: POST https://api.opentyphoon.ai/v1/chat/completions "HTTP/1.1 200 OK"
2026-04-08 10:14:29,105 [INFO] HTTP Request: POST https://api.opentyphoon.ai/v1/chat/completions "HTTP/1.1 200 OK"
2026-04-08 10:14:36,600 [INFO] HTTP Request: POST https://api.opentyphoon.ai/v1/chat/completions "HTTP/1.1 200 OK"
2026-04-08 10:14:44,192 [INFO] HTTP Request: POST https://api.opentyphoon.ai/v1/chat/completions "HTTP/1.1 200 OK"
2026-04-08 10:14:51,501 [INFO] HTTP Request: POST https://api.opentyphoon.ai/v1/chat/completions "HTTP/1.1 200 OK"
2026-04-08 10:14:58,388 [INFO] HTTP Request: POST https://api.opentyphoon.ai/v1/chat/completions "HTTP/1.1 200 OK"
2026-04-08 10:15:06,073 [INFO] HTTP Request: POST https://api.opentyphoon.ai/v1/chat/completions "HTTP/1.1 200 OK"
2026-04-08 10:15:14,220 [INFO] HTTP Request: POST https://api.opentyphoon.ai/v1/chat/completions "HTTP/1.1 200 OK"
2026-04-08 10:15:22,522 [INFO] HTTP Request: POST https://api.opentyphoon.ai/v1/chat/completions "HTTP/1.1 200 OK"
2026-04-08 10:15:29,524 [INFO] HTTP Request: POST https://api.opentyphoon.ai/v1/chat/completions "HTTP/1.1 200 OK"
2026-04-08 10:15:37,328 [INFO] HTTP Request: POST https://api.opentyphoon.ai/v1/chat/completions "HTTP/1.1 200 OK"
2026-04-08 10:15:46,543 [INFO] HTTP Request: POST https://api.opentyphoon.ai/v1/chat/completions "HTTP/1.1 200 OK"
2026-04-08 10:16:03,253 [INFO] HTTP Request: POST https://api.opentyphoon.ai/v1/chat/completions "HTTP/1.1 200 OK"
2026-04-08 10:16:10,427 [INFO] HTTP Request: POST https://api.opentyphoon.ai/v1/chat/completions "HTTP/1.1 200 OK"
2026-04-08 10:16:17,553 [INFO] HTTP Request: POST https://api.opentyphoon.ai/v1/chat/completions "HTTP/1.1 200 OK"
2026-04-08 10:16:23,911 [INFO] HTTP Request: POST https://api.opentyphoon.ai/v1/chat/completions "HTTP/1.1 200 OK"
2026-04-08 10:16:31,344 [INFO] HTTP Request: POST https://api.opentyphoon.ai/v1/chat/completions "HTTP/1.1 200 OK"
2026-04-08 10:16:41,178 [INFO] HTTP Request: POST https://api.opentyphoon.ai/v1/chat/completions "HTTP/1.1 200 OK"
2026-04-08 10:17:02,916 [INFO] HTTP Request: POST https://api.opentyphoon.ai/v1/chat/completions "HTTP/1.1 200 OK"
2026-04-08 10:17:09,718 [INFO] HTTP Request: POST https://api.opentyphoon.ai/v1/chat/completions "HTTP/1.1 200 OK"
2026-04-08 10:17:20,404 [INFO] HTTP Request: POST https://api.opentyphoon.ai/v1/chat/completions "HTTP/1.1 200 OK"
2026-04-08 10:17:27,844 [INFO] HTTP Request: POST https://api.opentyphoon.ai/v1/chat/completions "HTTP/1.1 200 OK"
2026-04-08 10:17:36,273 [INFO] HTTP Request: POST https://api.opentyphoon.ai/v1/chat/completions "HTTP/1.1 200 OK"
2026-04-08 10:17:44,624 [INFO] HTTP Request: POST https://api.opentyphoon.ai/v1/chat/completions "HTTP/1.1 200 OK"
2026-04-08 10:17:52,599 [INFO] HTTP Request: POST https://api.opentyphoon.ai/v1/chat/completions "HTTP/1.1 200 OK"
2026-04-08 10:18:01,742 [INFO] HTTP Request: POST https://api.opentyphoon.ai/v1/chat/completions "HTTP/1.1 200 OK"
2026-04-08 10:18:09,263 [INFO] HTTP Request: POST https://api.opentyphoon.ai/v1/chat/completions "HTTP/1.1 200 OK"
2026-04-08 10:18:15,017 [INFO] HTTP Request: POST https://api.opentyphoon.ai/v1/chat/completions "HTTP/1.1 200 OK"
2026-04-08 10:18:15,022 [INFO] [const_2495] Done — 40 pages, 31,738 characters
2026-04-08 10:18:15,067 [INFO] [const_2502] Starting OCR — Constitution 2502 (8 pages)
2026-04-08 10:18:26,218 [INFO] HTTP Request: POST https://api.opentyphoon.ai/v1/chat/completions "HTTP/1.1 200 OK"
2026-04-08 10:18:35,150 [INFO] HTTP Request: POST https://api.opentyphoon.ai/v1/chat/completions "HTTP/1.1 200 OK"
2026-04-08 10:18:43,837 [INFO] HTTP Request: POST https://api.opentyphoon.ai/v1/chat/completions "HTTP/1.1 200 OK"
2026-04-08 10:18:53,128 [INFO] HTTP Request: POST https://api.opentyphoon.ai/v1/chat/completions "HTTP/1.1 200 OK"
2026-04-08 10:19:04,490 [INFO] HTTP Request: POST https://api.opentyphoon.ai/v1/chat/completions "HTTP/1.1 200 OK"
2026-04-08 10:19:12,253 [INFO] HTTP Request: POST https://api.opentyphoon.ai/v1/chat/completions "HTTP/1.1 200 OK"
2026-04-08 10:19:20,257 [INFO] HTTP Request: POST https://api.opentyphoon.ai/v1/chat/completions "HTTP/1.1 200 OK"
2026-04-08 10:19:25,940 [INFO] HTTP Request: POST https://api.opentyphoon.ai/v1/chat/completions "HTTP/1.1 200 OK"
2026-04-08 10:19:25,951 [INFO] [const_2502] Done — 8 pages, 5,729 characters
2026-04-08 10:19:25,969 [INFO] [const_2511] Starting OCR — Constitution 2511 (68 pages)
2026-04-08 10:19:30,619 [INFO] HTTP Request: POST https://api.opentyphoon.ai/v1/chat/completions "HTTP/1.1 200 OK"
2026-04-08 10:19:39,581 [INFO] HTTP Request: POST https://api.opentyphoon.ai/v1/chat/completions "HTTP/1.1 200 OK"
2026-04-08 10:19:47,378 [INFO] HTTP Request: POST https://api.opentyphoon.ai/v1/chat/completions "HTTP/1.1 200 OK"
2026-04-08 10:19:58,847 [INFO] HTTP Request: POST https://api.opentyphoon.ai/v1/chat/completions "HTTP/1.1 200 OK"
2026-04-08 10:20:06,128 [INFO] HTTP Request: POST https://api.opentyphoon.ai/v1/chat/completions "HTTP/1.1 200 OK"
2026-04-08 10:20:14,634 [INFO] HTTP Request: POST https://api.opentyphoon.ai/v1/chat/completions "HTTP/1.1 200 OK"
2026-04-08 10:20:24,716 [INFO] HTTP Request: POST https://api.opentyphoon.ai/v1/chat/completions "HTTP/1.1 200 OK"
2026-04-08 10:20:31,975 [INFO] HTTP Request: POST https://api.opentyphoon.ai/v1/chat/completions "HTTP/1.1 200 OK"
2026-04-08 10:20:40,210 [INFO] HTTP Request: POST https://api.opentyphoon.ai/v1/chat/completions "HTTP/1.1 200 OK"
2026-04-08 10:20:49,072 [INFO] HTTP Request: POST https://api.opentyphoon.ai/v1/chat/completions "HTTP/1.1 200 OK"
2026-04-08 10:20:57,564 [INFO] HTTP Request: POST https://api.opentyphoon.ai/v1/chat/completions "HTTP/1.1 200 OK"
2026-04-08 10:21:04,644 [INFO] HTTP Request: POST https://api.opentyphoon.ai/v1/chat/completions "HTTP/1.1 200 OK"
2026-04-08 10:21:14,338 [INFO] HTTP Request: POST https://api.opentyphoon.ai/v1/chat/completions "HTTP/1.1 200 OK"
2026-04-08 10:21:23,125 [INFO] HTTP Request: POST https://api.opentyphoon.ai/v1/chat/completions "HTTP/1.1 200 OK"
2026-04-08 10:21:33,362 [INFO] HTTP Request: POST https://api.opentyphoon.ai/v1/chat/completions "HTTP/1.1 200 OK"
2026-04-08 10:21:41,883 [INFO] HTTP Request: POST https://api.opentyphoon.ai/v1/chat/completions "HTTP/1.1 200 OK"
2026-04-08 10:21:50,451 [INFO] HTTP Request: POST https://api.opentyphoon.ai/v1/chat/completions "HTTP/1.1 200 OK"
2026-04-08 10:21:57,950 [INFO] HTTP Request: POST https://api.opentyphoon.ai/v1/chat/completions "HTTP/1.1 200 OK"
2026-04-08 10:22:04,816 [INFO] HTTP Request: POST https://api.opentyphoon.ai/v1/chat/completions "HTTP/1.1 200 OK"
2026-04-08 10:22:13,148 [INFO] HTTP Request: POST https://api.opentyphoon.ai/v1/chat/completions "HTTP/1.1 200 OK"
2026-04-08 10:22:20,571 [INFO] HTTP Request: POST https://api.opentyphoon.ai/v1/chat/completions "HTTP/1.1 200 OK"
2026-04-08 10:22:27,752 [INFO] HTTP Request: POST https://api.opentyphoon.ai/v1/chat/completions "HTTP/1.1 200 OK"
2026-04-08 10:22:35,176 [INFO] HTTP Request: POST https://api.opentyphoon.ai/v1/chat/completions "HTTP/1.1 200 OK"
2026-04-08 10:22:43,291 [INFO] HTTP Request: POST https://api.opentyphoon.ai/v1/chat/completions "HTTP/1.1 200 OK"
2026-04-08 10:22:50,754 [INFO] HTTP Request: POST https://api.opentyphoon.ai/v1/chat/completions "HTTP/1.1 200 OK"
2026-04-08 10:22:58,063 [INFO] HTTP Request: POST https://api.opentyphoon.ai/v1/chat/completions "HTTP/1.1 200 OK"
2026-04-08 10:23:06,499 [INFO] HTTP Request: POST https://api.opentyphoon.ai/v1/chat/completions "HTTP/1.1 200 OK"
2026-04-08 10:23:13,447 [INFO] HTTP Request: POST https://api.opentyphoon.ai/v1/chat/completions "HTTP/1.1 200 OK"
2026-04-08 10:23:20,145 [INFO] HTTP Request: POST https://api.opentyphoon.ai/v1/chat/completions "HTTP/1.1 200 OK"
2026-04-08 10:23:27,569 [INFO] HTTP Request: POST https://api.opentyphoon.ai/v1/chat/completions "HTTP/1.1 200 OK"
2026-04-08 10:23:35,466 [INFO] HTTP Request: POST https://api.opentyphoon.ai/v1/chat/completions "HTTP/1.1 200 OK"
2026-04-08 10:23:43,501 [INFO] HTTP Request: POST https://api.opentyphoon.ai/v1/chat/completions "HTTP/1.1 200 OK"
2026-04-08 10:23:52,006 [INFO] HTTP Request: POST https://api.opentyphoon.ai/v1/chat/completions "HTTP/1.1 200 OK"
2026-04-08 10:24:02,005 [INFO] HTTP Request: POST https://api.opentyphoon.ai/v1/chat/completions "HTTP/1.1 200 OK"
2026-04-08 10:24:09,897 [INFO] HTTP Request: POST https://api.opentyphoon.ai/v1/chat/completions "HTTP/1.1 200 OK"
2026-04-08 10:24:17,004 [INFO] HTTP Request: POST https://api.opentyphoon.ai/v1/chat/completions "HTTP/1.1 200 OK"
2026-04-08 10:24:26,367 [INFO] HTTP Request: POST https://api.opentyphoon.ai/v1/chat/completions "HTTP/1.1 200 OK"
2026-04-08 10:24:36,075 [INFO] HTTP Request: POST https://api.opentyphoon.ai/v1/chat/completions "HTTP/1.1 200 OK"
2026-04-08 10:24:43,131 [INFO] HTTP Request: POST https://api.opentyphoon.ai/v1/chat/completions "HTTP/1.1 200 OK"
2026-04-08 10:24:52,237 [INFO] HTTP Request: POST https://api.opentyphoon.ai/v1/chat/completions "HTTP/1.1 200 OK"
2026-04-08 10:24:58,898 [INFO] HTTP Request: POST https://api.opentyphoon.ai/v1/chat/completions "HTTP/1.1 200 OK"
2026-04-08 10:25:06,990 [INFO] HTTP Request: POST https://api.opentyphoon.ai/v1/chat/completions "HTTP/1.1 200 OK"
2026-04-08 10:25:14,987 [INFO] HTTP Request: POST https://api.opentyphoon.ai/v1/chat/completions "HTTP/1.1 200 OK"
2026-04-08 10:25:26,144 [INFO] HTTP Request: POST https://api.opentyphoon.ai/v1/chat/completions "HTTP/1.1 200 OK"
2026-04-08 10:25:35,065 [INFO] HTTP Request: POST https://api.opentyphoon.ai/v1/chat/completions "HTTP/1.1 200 OK"
2026-04-08 10:25:43,617 [INFO] HTTP Request: POST https://api.opentyphoon.ai/v1/chat/completions "HTTP/1.1 200 OK"
2026-04-08 10:25:51,125 [INFO] HTTP Request: POST https://api.opentyphoon.ai/v1/chat/completions "HTTP/1.1 200 OK"
2026-04-08 10:26:01,440 [INFO] HTTP Request: POST https://api.opentyphoon.ai/v1/chat/completions "HTTP/1.1 200 OK"
2026-04-08 10:26:08,064 [INFO] HTTP Request: POST https://api.opentyphoon.ai/v1/chat/completions "HTTP/1.1 200 OK"
2026-04-08 10:26:15,097 [INFO] HTTP Request: POST https://api.opentyphoon.ai/v1/chat/completions "HTTP/1.1 200 OK"
2026-04-08 10:26:21,740 [INFO] HTTP Request: POST https://api.opentyphoon.ai/v1/chat/completions "HTTP/1.1 200 OK"
2026-04-08 10:26:30,674 [INFO] HTTP Request: POST https://api.opentyphoon.ai/v1/chat/completions "HTTP/1.1 200 OK"
2026-04-08 10:26:38,164 [INFO] HTTP Request: POST https://api.opentyphoon.ai/v1/chat/completions "HTTP/1.1 200 OK"
2026-04-08 10:26:45,711 [INFO] HTTP Request: POST https://api.opentyphoon.ai/v1/chat/completions "HTTP/1.1 200 OK"
2026-04-08 10:26:53,312 [INFO] HTTP Request: POST https://api.opentyphoon.ai/v1/chat/completions "HTTP/1.1 200 OK"
2026-04-08 10:27:02,155 [INFO] HTTP Request: POST https://api.opentyphoon.ai/v1/chat/completions "HTTP/1.1 200 OK"
2026-04-08 10:27:10,729 [INFO] HTTP Request: POST https://api.opentyphoon.ai/v1/chat/completions "HTTP/1.1 200 OK"
2026-04-08 10:27:17,413 [INFO] HTTP Request: POST https://api.opentyphoon.ai/v1/chat/completions "HTTP/1.1 200 OK"
2026-04-08 10:27:24,071 [INFO] HTTP Request: POST https://api.opentyphoon.ai/v1/chat/completions "HTTP/1.1 200 OK"
2026-04-08 10:27:31,323 [INFO] HTTP Request: POST https://api.opentyphoon.ai/v1/chat/completions "HTTP/1.1 200 OK"
2026-04-08 10:27:39,224 [INFO] HTTP Request: POST https://api.opentyphoon.ai/v1/chat/completions "HTTP/1.1 200 OK"
2026-04-08 10:27:46,896 [INFO] HTTP Request: POST https://api.opentyphoon.ai/v1/chat/completions "HTTP/1.1 200 OK"
2026-04-08 10:27:55,827 [INFO] HTTP Request: POST https://api.opentyphoon.ai/v1/chat/completions "HTTP/1.1 200 OK"
2026-04-08 10:28:02,429 [INFO] HTTP Request: POST https://api.opentyphoon.ai/v1/chat/completions "HTTP/1.1 200 OK"
2026-04-08 10:28:10,802 [INFO] HTTP Request: POST https://api.opentyphoon.ai/v1/chat/completions "HTTP/1.1 200 OK"
2026-04-08 10:28:17,903 [INFO] HTTP Request: POST https://api.opentyphoon.ai/v1/chat/completions "HTTP/1.1 200 OK"
2026-04-08 10:28:24,806 [INFO] HTTP Request: POST https://api.opentyphoon.ai/v1/chat/completions "HTTP/1.1 200 OK"
2026-04-08 10:28:35,016 [INFO] HTTP Request: POST https://api.opentyphoon.ai/v1/chat/completions "HTTP/1.1 200 OK"
2026-04-08 10:28:35,024 [INFO] [const_2511] Done — 68 pages, 59,476 characters
2026-04-08 10:28:35,043 [INFO] [const_2515] Starting OCR — Constitution 2515 (12 pages)
2026-04-08 10:28:40,477 [INFO] HTTP Request: POST https://api.opentyphoon.ai/v1/chat/completions "HTTP/1.1 200 OK"
2026-04-08 10:28:47,479 [INFO] HTTP Request: POST https://api.opentyphoon.ai/v1/chat/completions "HTTP/1.1 200 OK"
2026-04-08 10:28:54,038 [INFO] HTTP Request: POST https://api.opentyphoon.ai/v1/chat/completions "HTTP/1.1 200 OK"
2026-04-08 10:29:01,065 [INFO] HTTP Request: POST https://api.opentyphoon.ai/v1/chat/completions "HTTP/1.1 200 OK"
2026-04-08 10:29:08,524 [INFO] HTTP Request: POST https://api.opentyphoon.ai/v1/chat/completions "HTTP/1.1 200 OK"
2026-04-08 10:29:15,340 [INFO] HTTP Request: POST https://api.opentyphoon.ai/v1/chat/completions "HTTP/1.1 200 OK"
2026-04-08 10:29:22,890 [INFO] HTTP Request: POST https://api.opentyphoon.ai/v1/chat/completions "HTTP/1.1 200 OK"
2026-04-08 10:29:30,066 [INFO] HTTP Request: POST https://api.opentyphoon.ai/v1/chat/completions "HTTP/1.1 200 OK"
2026-04-08 10:29:38,363 [INFO] HTTP Request: POST https://api.opentyphoon.ai/v1/chat/completions "HTTP/1.1 200 OK"
2026-04-08 10:29:48,401 [INFO] HTTP Request: POST https://api.opentyphoon.ai/v1/chat/completions "HTTP/1.1 200 OK"
2026-04-08 10:29:56,059 [INFO] HTTP Request: POST https://api.opentyphoon.ai/v1/chat/completions "HTTP/1.1 200 OK"
2026-04-08 10:30:04,631 [INFO] HTTP Request: POST https://api.opentyphoon.ai/v1/chat/completions "HTTP/1.1 200 OK"
2026-04-08 10:30:04,644 [INFO] [const_2515] Done — 12 pages, 10,561 characters
2026-04-08 10:30:05,456 [INFO] [const_2517] Starting OCR — Constitution 2517 (90 pages)
2026-04-08 10:30:11,278 [INFO] HTTP Request: POST https://api.opentyphoon.ai/v1/chat/completions "HTTP/1.1 200 OK"
2026-04-08 10:30:19,591 [INFO] HTTP Request: POST https://api.opentyphoon.ai/v1/chat/completions "HTTP/1.1 200 OK"
2026-04-08 10:30:28,807 [INFO] HTTP Request: POST https://api.opentyphoon.ai/v1/chat/completions "HTTP/1.1 200 OK"
2026-04-08 10:30:39,650 [INFO] HTTP Request: POST https://api.opentyphoon.ai/v1/chat/completions "HTTP/1.1 200 OK"
2026-04-08 10:30:49,105 [INFO] HTTP Request: POST https://api.opentyphoon.ai/v1/chat/completions "HTTP/1.1 200 OK"
2026-04-08 10:30:57,740 [INFO] HTTP Request: POST https://api.opentyphoon.ai/v1/chat/completions "HTTP/1.1 200 OK"
2026-04-08 10:31:06,259 [INFO] HTTP Request: POST https://api.opentyphoon.ai/v1/chat/completions "HTTP/1.1 200 OK"
2026-04-08 10:31:15,835 [INFO] HTTP Request: POST https://api.opentyphoon.ai/v1/chat/completions "HTTP/1.1 200 OK"
2026-04-08 10:31:24,327 [INFO] HTTP Request: POST https://api.opentyphoon.ai/v1/chat/completions "HTTP/1.1 200 OK"
2026-04-08 10:31:32,756 [INFO] HTTP Request: POST https://api.opentyphoon.ai/v1/chat/completions "HTTP/1.1 200 OK"
2026-04-08 10:31:42,678 [INFO] HTTP Request: POST https://api.opentyphoon.ai/v1/chat/completions "HTTP/1.1 200 OK"
2026-04-08 10:31:55,132 [INFO] HTTP Request: POST https://api.opentyphoon.ai/v1/chat/completions "HTTP/1.1 200 OK"
2026-04-08 10:32:02,964 [INFO] HTTP Request: POST https://api.opentyphoon.ai/v1/chat/completions "HTTP/1.1 200 OK"
2026-04-08 10:32:10,407 [INFO] HTTP Request: POST https://api.opentyphoon.ai/v1/chat/completions "HTTP/1.1 200 OK"
2026-04-08 10:32:18,065 [INFO] HTTP Request: POST https://api.opentyphoon.ai/v1/chat/completions "HTTP/1.1 200 OK"
2026-04-08 10:32:29,616 [INFO] HTTP Request: POST https://api.opentyphoon.ai/v1/chat/completions "HTTP/1.1 200 OK"
2026-04-08 10:32:40,074 [INFO] HTTP Request: POST https://api.opentyphoon.ai/v1/chat/completions "HTTP/1.1 200 OK"
2026-04-08 10:32:49,750 [INFO] HTTP Request: POST https://api.opentyphoon.ai/v1/chat/completions "HTTP/1.1 200 OK"
2026-04-08 10:32:57,552 [INFO] HTTP Request: POST https://api.opentyphoon.ai/v1/chat/completions "HTTP/1.1 200 OK"
2026-04-08 10:33:10,559 [INFO] HTTP Request: POST https://api.opentyphoon.ai/v1/chat/completions "HTTP/1.1 200 OK"
2026-04-08 10:33:18,815 [INFO] HTTP Request: POST https://api.opentyphoon.ai/v1/chat/completions "HTTP/1.1 200 OK"
2026-04-08 10:33:26,957 [INFO] HTTP Request: POST https://api.opentyphoon.ai/v1/chat/completions "HTTP/1.1 200 OK"
2026-04-08 10:33:34,728 [INFO] HTTP Request: POST https://api.opentyphoon.ai/v1/chat/completions "HTTP/1.1 200 OK"
2026-04-08 10:33:42,263 [INFO] HTTP Request: POST https://api.opentyphoon.ai/v1/chat/completions "HTTP/1.1 200 OK"
2026-04-08 10:33:49,486 [INFO] HTTP Request: POST https://api.opentyphoon.ai/v1/chat/completions "HTTP/1.1 200 OK"
2026-04-08 10:33:57,042 [INFO] HTTP Request: POST https://api.opentyphoon.ai/v1/chat/completions "HTTP/1.1 200 OK"
2026-04-08 10:34:05,275 [INFO] HTTP Request: POST https://api.opentyphoon.ai/v1/chat/completions "HTTP/1.1 200 OK"
2026-04-08 10:34:12,625 [INFO] HTTP Request: POST https://api.opentyphoon.ai/v1/chat/completions "HTTP/1.1 200 OK"
2026-04-08 10:34:21,985 [INFO] HTTP Request: POST https://api.opentyphoon.ai/v1/chat/completions "HTTP/1.1 200 OK"
2026-04-08 10:34:28,937 [INFO] HTTP Request: POST https://api.opentyphoon.ai/v1/chat/completions "HTTP/1.1 200 OK"
2026-04-08 10:34:36,915 [INFO] HTTP Request: POST https://api.opentyphoon.ai/v1/chat/completions "HTTP/1.1 200 OK"
2026-04-08 10:34:45,410 [INFO] HTTP Request: POST https://api.opentyphoon.ai/v1/chat/completions "HTTP/1.1 200 OK"
2026-04-08 10:34:52,542 [INFO] HTTP Request: POST https://api.opentyphoon.ai/v1/chat/completions "HTTP/1.1 200 OK"
2026-04-08 10:35:05,430 [INFO] HTTP Request: POST https://api.opentyphoon.ai/v1/chat/completions "HTTP/1.1 200 OK"
2026-04-08 10:35:14,001 [INFO] HTTP Request: POST https://api.opentyphoon.ai/v1/chat/completions "HTTP/1.1 200 OK"
2026-04-08 10:35:21,913 [INFO] HTTP Request: POST https://api.opentyphoon.ai/v1/chat/completions "HTTP/1.1 200 OK"
2026-04-08 10:35:28,933 [INFO] HTTP Request: POST https://api.opentyphoon.ai/v1/chat/completions "HTTP/1.1 200 OK"
2026-04-08 10:35:38,608 [INFO] HTTP Request: POST https://api.opentyphoon.ai/v1/chat/completions "HTTP/1.1 200 OK"
2026-04-08 10:35:46,318 [INFO] HTTP Request: POST https://api.opentyphoon.ai/v1/chat/completions "HTTP/1.1 200 OK"
2026-04-08 10:35:54,068 [INFO] HTTP Request: POST https://api.opentyphoon.ai/v1/chat/completions "HTTP/1.1 200 OK"
2026-04-08 10:36:01,399 [INFO] HTTP Request: POST https://api.opentyphoon.ai/v1/chat/completions "HTTP/1.1 200 OK"
2026-04-08 10:36:09,288 [INFO] HTTP Request: POST https://api.opentyphoon.ai/v1/chat/completions "HTTP/1.1 200 OK"
2026-04-08 10:36:17,204 [INFO] HTTP Request: POST https://api.opentyphoon.ai/v1/chat/completions "HTTP/1.1 200 OK"
2026-04-08 10:36:25,505 [INFO] HTTP Request: POST https://api.opentyphoon.ai/v1/chat/completions "HTTP/1.1 200 OK"
2026-04-08 10:36:33,357 [INFO] HTTP Request: POST https://api.opentyphoon.ai/v1/chat/completions "HTTP/1.1 200 OK"
2026-04-08 10:36:41,299 [INFO] HTTP Request: POST https://api.opentyphoon.ai/v1/chat/completions "HTTP/1.1 200 OK"
2026-04-08 10:36:49,508 [INFO] HTTP Request: POST https://api.opentyphoon.ai/v1/chat/completions "HTTP/1.1 200 OK"
2026-04-08 10:36:57,333 [INFO] HTTP Request: POST https://api.opentyphoon.ai/v1/chat/completions "HTTP/1.1 200 OK"
2026-04-08 10:37:05,272 [INFO] HTTP Request: POST https://api.opentyphoon.ai/v1/chat/completions "HTTP/1.1 200 OK"
2026-04-08 10:37:13,458 [INFO] HTTP Request: POST https://api.opentyphoon.ai/v1/chat/completions "HTTP/1.1 200 OK"
2026-04-08 10:37:21,478 [INFO] HTTP Request: POST https://api.opentyphoon.ai/v1/chat/completions "HTTP/1.1 200 OK"
2026-04-08 10:37:29,502 [INFO] HTTP Request: POST https://api.opentyphoon.ai/v1/chat/completions "HTTP/1.1 200 OK"
2026-04-08 10:37:37,941 [INFO] HTTP Request: POST https://api.opentyphoon.ai/v1/chat/completions "HTTP/1.1 200 OK"
2026-04-08 10:37:46,536 [INFO] HTTP Request: POST https://api.opentyphoon.ai/v1/chat/completions "HTTP/1.1 200 OK"
2026-04-08 10:37:54,439 [INFO] HTTP Request: POST https://api.opentyphoon.ai/v1/chat/completions "HTTP/1.1 200 OK"
2026-04-08 10:38:03,245 [INFO] HTTP Request: POST https://api.opentyphoon.ai/v1/chat/completions "HTTP/1.1 200 OK"
2026-04-08 10:38:11,423 [INFO] HTTP Request: POST https://api.opentyphoon.ai/v1/chat/completions "HTTP/1.1 200 OK"
2026-04-08 10:38:21,158 [INFO] HTTP Request: POST https://api.opentyphoon.ai/v1/chat/completions "HTTP/1.1 200 OK"
2026-04-08 10:38:28,352 [INFO] HTTP Request: POST https://api.opentyphoon.ai/v1/chat/completions "HTTP/1.1 200 OK"
2026-04-08 10:38:37,861 [INFO] HTTP Request: POST https://api.opentyphoon.ai/v1/chat/completions "HTTP/1.1 200 OK"
2026-04-08 10:38:46,451 [INFO] HTTP Request: POST https://api.opentyphoon.ai/v1/chat/completions "HTTP/1.1 200 OK"
2026-04-08 10:38:55,036 [INFO] HTTP Request: POST https://api.opentyphoon.ai/v1/chat/completions "HTTP/1.1 200 OK"
2026-04-08 10:39:02,917 [INFO] HTTP Request: POST https://api.opentyphoon.ai/v1/chat/completions "HTTP/1.1 200 OK"
2026-04-08 10:39:10,301 [INFO] HTTP Request: POST https://api.opentyphoon.ai/v1/chat/completions "HTTP/1.1 200 OK"
2026-04-08 10:39:18,555 [INFO] HTTP Request: POST https://api.opentyphoon.ai/v1/chat/completions "HTTP/1.1 200 OK"
2026-04-08 10:39:26,800 [INFO] HTTP Request: POST https://api.opentyphoon.ai/v1/chat/completions "HTTP/1.1 200 OK"
2026-04-08 10:39:34,660 [INFO] HTTP Request: POST https://api.opentyphoon.ai/v1/chat/completions "HTTP/1.1 200 OK"
2026-04-08 10:39:42,564 [INFO] HTTP Request: POST https://api.opentyphoon.ai/v1/chat/completions "HTTP/1.1 200 OK"
2026-04-08 10:39:51,318 [INFO] HTTP Request: POST https://api.opentyphoon.ai/v1/chat/completions "HTTP/1.1 200 OK"
2026-04-08 10:40:00,122 [INFO] HTTP Request: POST https://api.opentyphoon.ai/v1/chat/completions "HTTP/1.1 200 OK"
2026-04-08 10:40:08,012 [INFO] HTTP Request: POST https://api.opentyphoon.ai/v1/chat/completions "HTTP/1.1 200 OK"
2026-04-08 10:40:16,959 [INFO] HTTP Request: POST https://api.opentyphoon.ai/v1/chat/completions "HTTP/1.1 200 OK"
2026-04-08 10:40:25,142 [INFO] HTTP Request: POST https://api.opentyphoon.ai/v1/chat/completions "HTTP/1.1 200 OK"
2026-04-08 10:40:33,479 [INFO] HTTP Request: POST https://api.opentyphoon.ai/v1/chat/completions "HTTP/1.1 200 OK"
2026-04-08 10:40:41,921 [INFO] HTTP Request: POST https://api.opentyphoon.ai/v1/chat/completions "HTTP/1.1 200 OK"
2026-04-08 10:40:50,032 [INFO] HTTP Request: POST https://api.opentyphoon.ai/v1/chat/completions "HTTP/1.1 200 OK"
2026-04-08 10:40:57,841 [INFO] HTTP Request: POST https://api.opentyphoon.ai/v1/chat/completions "HTTP/1.1 200 OK"
2026-04-08 10:41:06,292 [INFO] HTTP Request: POST https://api.opentyphoon.ai/v1/chat/completions "HTTP/1.1 200 OK"
2026-04-08 10:41:14,283 [INFO] HTTP Request: POST https://api.opentyphoon.ai/v1/chat/completions "HTTP/1.1 200 OK"
2026-04-08 10:41:22,375 [INFO] HTTP Request: POST https://api.opentyphoon.ai/v1/chat/completions "HTTP/1.1 200 OK"
2026-04-08 10:41:30,629 [INFO] HTTP Request: POST https://api.opentyphoon.ai/v1/chat/completions "HTTP/1.1 200 OK"
2026-04-08 10:41:37,890 [INFO] HTTP Request: POST https://api.opentyphoon.ai/v1/chat/completions "HTTP/1.1 200 OK"
2026-04-08 10:41:46,613 [INFO] HTTP Request: POST https://api.opentyphoon.ai/v1/chat/completions "HTTP/1.1 200 OK"
2026-04-08 10:41:56,143 [INFO] HTTP Request: POST https://api.opentyphoon.ai/v1/chat/completions "HTTP/1.1 200 OK"
2026-04-08 10:42:04,697 [INFO] HTTP Request: POST https://api.opentyphoon.ai/v1/chat/completions "HTTP/1.1 200 OK"
2026-04-08 10:42:12,367 [INFO] HTTP Request: POST https://api.opentyphoon.ai/v1/chat/completions "HTTP/1.1 200 OK"
2026-04-08 10:42:19,494 [INFO] HTTP Request: POST https://api.opentyphoon.ai/v1/chat/completions "HTTP/1.1 200 OK"
2026-04-08 10:42:27,424 [INFO] HTTP Request: POST https://api.opentyphoon.ai/v1/chat/completions "HTTP/1.1 200 OK"
2026-04-08 10:42:34,857 [INFO] HTTP Request: POST https://api.opentyphoon.ai/v1/chat/completions "HTTP/1.1 200 OK"
2026-04-08 10:42:41,710 [INFO] HTTP Request: POST https://api.opentyphoon.ai/v1/chat/completions "HTTP/1.1 200 OK"
2026-04-08 10:42:41,717 [INFO] [const_2517] Done — 90 pages, 79,868 characters
2026-04-08 10:42:41,731 [INFO] [const_2518] Starting OCR — Constitution 2518 (3 pages)
2026-04-08 10:42:44,557 [INFO] HTTP Request: POST https://api.opentyphoon.ai/v1/chat/completions "HTTP/1.1 200 OK"
2026-04-08 10:42:51,630 [INFO] HTTP Request: POST https://api.opentyphoon.ai/v1/chat/completions "HTTP/1.1 200 OK"
2026-04-08 10:42:56,190 [INFO] HTTP Request: POST https://api.opentyphoon.ai/v1/chat/completions "HTTP/1.1 200 OK"
2026-04-08 10:42:56,194 [INFO] [const_2518] Done — 3 pages, 1,697 characters
2026-04-08 10:42:56,207 [INFO] [const_2519] Starting OCR — Constitution 2519 (15 pages)
2026-04-08 10:42:59,700 [INFO] HTTP Request: POST https://api.opentyphoon.ai/v1/chat/completions "HTTP/1.1 200 OK"
2026-04-08 10:43:07,252 [INFO] HTTP Request: POST https://api.opentyphoon.ai/v1/chat/completions "HTTP/1.1 200 OK"
2026-04-08 10:43:14,534 [INFO] HTTP Request: POST https://api.opentyphoon.ai/v1/chat/completions "HTTP/1.1 200 OK"
2026-04-08 10:43:22,314 [INFO] HTTP Request: POST https://api.opentyphoon.ai/v1/chat/completions "HTTP/1.1 200 OK"
2026-04-08 10:43:30,240 [INFO] HTTP Request: POST https://api.opentyphoon.ai/v1/chat/completions "HTTP/1.1 200 OK"
2026-04-08 10:43:36,950 [INFO] HTTP Request: POST https://api.opentyphoon.ai/v1/chat/completions "HTTP/1.1 200 OK"
2026-04-08 10:43:43,397 [INFO] HTTP Request: POST https://api.opentyphoon.ai/v1/chat/completions "HTTP/1.1 200 OK"
2026-04-08 10:43:49,246 [INFO] HTTP Request: POST https://api.opentyphoon.ai/v1/chat/completions "HTTP/1.1 200 OK"
2026-04-08 10:43:55,173 [INFO] HTTP Request: POST https://api.opentyphoon.ai/v1/chat/completions "HTTP/1.1 200 OK"
2026-04-08 10:44:01,083 [INFO] HTTP Request: POST https://api.opentyphoon.ai/v1/chat/completions "HTTP/1.1 200 OK"
2026-04-08 10:44:07,155 [INFO] HTTP Request: POST https://api.opentyphoon.ai/v1/chat/completions "HTTP/1.1 200 OK"
2026-04-08 10:44:13,345 [INFO] HTTP Request: POST https://api.opentyphoon.ai/v1/chat/completions "HTTP/1.1 200 OK"
2026-04-08 10:44:20,788 [INFO] HTTP Request: POST https://api.opentyphoon.ai/v1/chat/completions "HTTP/1.1 200 OK"
2026-04-08 10:44:27,693 [INFO] HTTP Request: POST https://api.opentyphoon.ai/v1/chat/completions "HTTP/1.1 200 OK"
2026-04-08 10:44:33,777 [INFO] HTTP Request: POST https://api.opentyphoon.ai/v1/chat/completions "HTTP/1.1 200 OK"
2026-04-08 10:44:33,781 [INFO] [const_2519] Done — 15 pages, 13,459 characters
2026-04-08 10:44:33,803 [INFO] [const_2520] Starting OCR — Constitution 2520 (14 pages)
2026-04-08 10:44:37,791 [INFO] HTTP Request: POST https://api.opentyphoon.ai/v1/chat/completions "HTTP/1.1 200 OK"
2026-04-08 10:44:46,109 [INFO] HTTP Request: POST https://api.opentyphoon.ai/v1/chat/completions "HTTP/1.1 200 OK"
2026-04-08 10:44:54,461 [INFO] HTTP Request: POST https://api.opentyphoon.ai/v1/chat/completions "HTTP/1.1 200 OK"
2026-04-08 10:45:02,173 [INFO] HTTP Request: POST https://api.opentyphoon.ai/v1/chat/completions "HTTP/1.1 200 OK"
2026-04-08 10:45:10,642 [INFO] HTTP Request: POST https://api.opentyphoon.ai/v1/chat/completions "HTTP/1.1 200 OK"
2026-04-08 10:45:19,095 [INFO] HTTP Request: POST https://api.opentyphoon.ai/v1/chat/completions "HTTP/1.1 200 OK"
2026-04-08 10:45:28,098 [INFO] HTTP Request: POST https://api.opentyphoon.ai/v1/chat/completions "HTTP/1.1 200 OK"
2026-04-08 10:45:35,642 [INFO] HTTP Request: POST https://api.opentyphoon.ai/v1/chat/completions "HTTP/1.1 200 OK"
2026-04-08 10:45:42,987 [INFO] HTTP Request: POST https://api.opentyphoon.ai/v1/chat/completions "HTTP/1.1 200 OK"
2026-04-08 10:45:50,195 [INFO] HTTP Request: POST https://api.opentyphoon.ai/v1/chat/completions "HTTP/1.1 200 OK"
2026-04-08 10:46:05,926 [INFO] HTTP Request: POST https://api.opentyphoon.ai/v1/chat/completions "HTTP/1.1 200 OK"
2026-04-08 10:46:14,756 [INFO] HTTP Request: POST https://api.opentyphoon.ai/v1/chat/completions "HTTP/1.1 200 OK"
2026-04-08 10:46:21,828 [INFO] HTTP Request: POST https://api.opentyphoon.ai/v1/chat/completions "HTTP/1.1 200 OK"
2026-04-08 10:46:28,745 [INFO] HTTP Request: POST https://api.opentyphoon.ai/v1/chat/completions "HTTP/1.1 200 OK"
2026-04-08 10:46:28,749 [INFO] [const_2520] Done — 14 pages, 12,796 characters
2026-04-08 10:46:28,772 [INFO] [const_2521] Starting OCR — Constitution 2521 (66 pages)
2026-04-08 10:46:34,050 [INFO] HTTP Request: POST https://api.opentyphoon.ai/v1/chat/completions "HTTP/1.1 200 OK"
2026-04-08 10:46:42,643 [INFO] HTTP Request: POST https://api.opentyphoon.ai/v1/chat/completions "HTTP/1.1 200 OK"
2026-04-08 10:46:52,784 [INFO] HTTP Request: POST https://api.opentyphoon.ai/v1/chat/completions "HTTP/1.1 200 OK"
2026-04-08 10:47:01,600 [INFO] HTTP Request: POST https://api.opentyphoon.ai/v1/chat/completions "HTTP/1.1 200 OK"
2026-04-08 10:47:09,611 [INFO] HTTP Request: POST https://api.opentyphoon.ai/v1/chat/completions "HTTP/1.1 200 OK"
2026-04-08 10:47:18,158 [INFO] HTTP Request: POST https://api.opentyphoon.ai/v1/chat/completions "HTTP/1.1 200 OK"
2026-04-08 10:47:27,291 [INFO] HTTP Request: POST https://api.opentyphoon.ai/v1/chat/completions "HTTP/1.1 200 OK"
2026-04-08 10:47:41,456 [INFO] HTTP Request: POST https://api.opentyphoon.ai/v1/chat/completions "HTTP/1.1 200 OK"
2026-04-08 10:47:48,998 [INFO] HTTP Request: POST https://api.opentyphoon.ai/v1/chat/completions "HTTP/1.1 200 OK"
2026-04-08 10:48:12,620 [INFO] HTTP Request: POST https://api.opentyphoon.ai/v1/chat/completions "HTTP/1.1 200 OK"
2026-04-08 10:48:22,253 [INFO] HTTP Request: POST https://api.opentyphoon.ai/v1/chat/completions "HTTP/1.1 200 OK"
2026-04-08 10:48:30,359 [INFO] HTTP Request: POST https://api.opentyphoon.ai/v1/chat/completions "HTTP/1.1 200 OK"
2026-04-08 10:48:38,919 [INFO] HTTP Request: POST https://api.opentyphoon.ai/v1/chat/completions "HTTP/1.1 200 OK"
2026-04-08 10:48:48,624 [INFO] HTTP Request: POST https://api.opentyphoon.ai/v1/chat/completions "HTTP/1.1 200 OK"
2026-04-08 10:48:58,035 [INFO] HTTP Request: POST https://api.opentyphoon.ai/v1/chat/completions "HTTP/1.1 200 OK"
2026-04-08 10:49:52,463 [INFO] HTTP Request: POST https://api.opentyphoon.ai/v1/chat/completions "HTTP/1.1 200 OK"
2026-04-08 10:50:01,735 [INFO] HTTP Request: POST https://api.opentyphoon.ai/v1/chat/completions "HTTP/1.1 200 OK"
2026-04-08 10:50:10,146 [INFO] HTTP Request: POST https://api.opentyphoon.ai/v1/chat/completions "HTTP/1.1 200 OK"
2026-04-08 10:50:18,158 [INFO] HTTP Request: POST https://api.opentyphoon.ai/v1/chat/completions "HTTP/1.1 200 OK"
2026-04-08 10:50:25,613 [INFO] HTTP Request: POST https://api.opentyphoon.ai/v1/chat/completions "HTTP/1.1 200 OK"
2026-04-08 10:50:35,211 [INFO] HTTP Request: POST https://api.opentyphoon.ai/v1/chat/completions "HTTP/1.1 200 OK"
2026-04-08 10:50:43,353 [INFO] HTTP Request: POST https://api.opentyphoon.ai/v1/chat/completions "HTTP/1.1 200 OK"
2026-04-08 10:50:52,323 [INFO] HTTP Request: POST https://api.opentyphoon.ai/v1/chat/completions "HTTP/1.1 200 OK"
2026-04-08 10:51:01,238 [INFO] HTTP Request: POST https://api.opentyphoon.ai/v1/chat/completions "HTTP/1.1 200 OK"
2026-04-08 10:51:10,780 [INFO] HTTP Request: POST https://api.opentyphoon.ai/v1/chat/completions "HTTP/1.1 200 OK"
2026-04-08 10:51:18,772 [INFO] HTTP Request: POST https://api.opentyphoon.ai/v1/chat/completions "HTTP/1.1 200 OK"
2026-04-08 10:51:27,273 [INFO] HTTP Request: POST https://api.opentyphoon.ai/v1/chat/completions "HTTP/1.1 200 OK"
2026-04-08 10:51:35,277 [INFO] HTTP Request: POST https://api.opentyphoon.ai/v1/chat/completions "HTTP/1.1 200 OK"
2026-04-08 10:51:44,550 [INFO] HTTP Request: POST https://api.opentyphoon.ai/v1/chat/completions "HTTP/1.1 200 OK"
2026-04-08 10:51:52,097 [INFO] HTTP Request: POST https://api.opentyphoon.ai/v1/chat/completions "HTTP/1.1 200 OK"
2026-04-08 10:51:59,980 [INFO] HTTP Request: POST https://api.opentyphoon.ai/v1/chat/completions "HTTP/1.1 200 OK"
2026-04-08 10:52:08,051 [INFO] HTTP Request: POST https://api.opentyphoon.ai/v1/chat/completions "HTTP/1.1 200 OK"
2026-04-08 10:52:15,244 [INFO] HTTP Request: POST https://api.opentyphoon.ai/v1/chat/completions "HTTP/1.1 200 OK"
2026-04-08 10:52:22,558 [INFO] HTTP Request: POST https://api.opentyphoon.ai/v1/chat/completions "HTTP/1.1 200 OK"
2026-04-08 10:52:30,346 [INFO] HTTP Request: POST https://api.opentyphoon.ai/v1/chat/completions "HTTP/1.1 200 OK"
2026-04-08 10:52:37,679 [INFO] HTTP Request: POST https://api.opentyphoon.ai/v1/chat/completions "HTTP/1.1 200 OK"
2026-04-08 10:52:45,756 [INFO] HTTP Request: POST https://api.opentyphoon.ai/v1/chat/completions "HTTP/1.1 200 OK"
2026-04-08 10:52:53,709 [INFO] HTTP Request: POST https://api.opentyphoon.ai/v1/chat/completions "HTTP/1.1 200 OK"
2026-04-08 10:53:01,549 [INFO] HTTP Request: POST https://api.opentyphoon.ai/v1/chat/completions "HTTP/1.1 200 OK"
2026-04-08 10:53:09,685 [INFO] HTTP Request: POST https://api.opentyphoon.ai/v1/chat/completions "HTTP/1.1 200 OK"
2026-04-08 10:53:18,407 [INFO] HTTP Request: POST https://api.opentyphoon.ai/v1/chat/completions "HTTP/1.1 200 OK"
2026-04-08 10:53:29,007 [INFO] HTTP Request: POST https://api.opentyphoon.ai/v1/chat/completions "HTTP/1.1 200 OK"
2026-04-08 10:53:36,872 [INFO] HTTP Request: POST https://api.opentyphoon.ai/v1/chat/completions "HTTP/1.1 200 OK"
2026-04-08 10:53:44,843 [INFO] HTTP Request: POST https://api.opentyphoon.ai/v1/chat/completions "HTTP/1.1 200 OK"
2026-04-08 10:53:53,602 [INFO] HTTP Request: POST https://api.opentyphoon.ai/v1/chat/completions "HTTP/1.1 200 OK"
2026-04-08 10:54:01,738 [INFO] HTTP Request: POST https://api.opentyphoon.ai/v1/chat/completions "HTTP/1.1 200 OK"
2026-04-08 10:54:09,898 [INFO] HTTP Request: POST https://api.opentyphoon.ai/v1/chat/completions "HTTP/1.1 200 OK"
2026-04-08 10:54:18,324 [INFO] HTTP Request: POST https://api.opentyphoon.ai/v1/chat/completions "HTTP/1.1 200 OK"
2026-04-08 10:54:26,579 [INFO] HTTP Request: POST https://api.opentyphoon.ai/v1/chat/completions "HTTP/1.1 200 OK"
2026-04-08 10:54:34,614 [INFO] HTTP Request: POST https://api.opentyphoon.ai/v1/chat/completions "HTTP/1.1 200 OK"
2026-04-08 10:54:43,054 [INFO] HTTP Request: POST https://api.opentyphoon.ai/v1/chat/completions "HTTP/1.1 200 OK"
2026-04-08 10:54:50,587 [INFO] HTTP Request: POST https://api.opentyphoon.ai/v1/chat/completions "HTTP/1.1 200 OK"
2026-04-08 10:54:58,144 [INFO] HTTP Request: POST https://api.opentyphoon.ai/v1/chat/completions "HTTP/1.1 200 OK"
2026-04-08 10:55:13,860 [INFO] HTTP Request: POST https://api.opentyphoon.ai/v1/chat/completions "HTTP/1.1 200 OK"
2026-04-08 10:55:29,809 [INFO] HTTP Request: POST https://api.opentyphoon.ai/v1/chat/completions "HTTP/1.1 200 OK"
2026-04-08 10:55:37,168 [INFO] HTTP Request: POST https://api.opentyphoon.ai/v1/chat/completions "HTTP/1.1 200 OK"
2026-04-08 10:55:44,688 [INFO] HTTP Request: POST https://api.opentyphoon.ai/v1/chat/completions "HTTP/1.1 200 OK"
2026-04-08 10:55:58,734 [INFO] HTTP Request: POST https://api.opentyphoon.ai/v1/chat/completions "HTTP/1.1 200 OK"
2026-04-08 10:56:09,773 [INFO] HTTP Request: POST https://api.opentyphoon.ai/v1/chat/completions "HTTP/1.1 200 OK"
2026-04-08 10:56:17,546 [INFO] HTTP Request: POST https://api.opentyphoon.ai/v1/chat/completions "HTTP/1.1 200 OK"
2026-04-08 10:56:25,348 [INFO] HTTP Request: POST https://api.opentyphoon.ai/v1/chat/completions "HTTP/1.1 200 OK"
2026-04-08 10:56:34,599 [INFO] HTTP Request: POST https://api.opentyphoon.ai/v1/chat/completions "HTTP/1.1 200 OK"
2026-04-08 10:56:44,046 [INFO] HTTP Request: POST https://api.opentyphoon.ai/v1/chat/completions "HTTP/1.1 200 OK"
2026-04-08 10:57:01,954 [INFO] HTTP Request: POST https://api.opentyphoon.ai/v1/chat/completions "HTTP/1.1 200 OK"
2026-04-08 10:57:29,043 [INFO] HTTP Request: POST https://api.opentyphoon.ai/v1/chat/completions "HTTP/1.1 200 OK"
2026-04-08 10:57:37,724 [INFO] HTTP Request: POST https://api.opentyphoon.ai/v1/chat/completions "HTTP/1.1 200 OK"
2026-04-08 10:57:37,732 [INFO] [const_2521] Done — 66 pages, 73,577 characters
2026-04-08 10:57:37,753 [INFO] [const_2528] Starting OCR — Constitution 2528 (4 pages)
2026-04-08 10:57:55,148 [INFO] HTTP Request: POST https://api.opentyphoon.ai/v1/chat/completions "HTTP/1.1 200 OK"
2026-04-08 10:58:14,405 [INFO] HTTP Request: POST https://api.opentyphoon.ai/v1/chat/completions "HTTP/1.1 200 OK"
2026-04-08 10:58:22,121 [INFO] HTTP Request: POST https://api.opentyphoon.ai/v1/chat/completions "HTTP/1.1 200 OK"
2026-04-08 10:58:27,689 [INFO] HTTP Request: POST https://api.opentyphoon.ai/v1/chat/completions "HTTP/1.1 200 OK"
2026-04-08 10:58:27,692 [INFO] [const_2528] Done — 4 pages, 3,072 characters
2026-04-08 10:58:27,714 [INFO] [const_2532] Starting OCR — Constitution 2532 (3 pages)
2026-04-08 10:58:46,136 [INFO] HTTP Request: POST https://api.opentyphoon.ai/v1/chat/completions "HTTP/1.1 200 OK"
2026-04-08 10:59:03,407 [INFO] HTTP Request: POST https://api.opentyphoon.ai/v1/chat/completions "HTTP/1.1 200 OK"
2026-04-08 10:59:12,289 [INFO] HTTP Request: POST https://api.opentyphoon.ai/v1/chat/completions "HTTP/1.1 200 OK"
2026-04-08 10:59:12,293 [INFO] [const_2532] Done — 3 pages, 2,232 characters
2026-04-08 10:59:12,309 [INFO] [const_2534a] Starting OCR — Constitution 2534 (interim) (14 pages)
2026-04-08 10:59:15,733 [INFO] HTTP Request: POST https://api.opentyphoon.ai/v1/chat/completions "HTTP/1.1 200 OK"
2026-04-08 10:59:25,919 [INFO] HTTP Request: POST https://api.opentyphoon.ai/v1/chat/completions "HTTP/1.1 200 OK"
2026-04-08 10:59:32,438 [INFO] HTTP Request: POST https://api.opentyphoon.ai/v1/chat/completions "HTTP/1.1 200 OK"
2026-04-08 10:59:39,733 [INFO] HTTP Request: POST https://api.opentyphoon.ai/v1/chat/completions "HTTP/1.1 200 OK"
2026-04-08 10:59:46,891 [INFO] HTTP Request: POST https://api.opentyphoon.ai/v1/chat/completions "HTTP/1.1 200 OK"
2026-04-08 10:59:54,608 [INFO] HTTP Request: POST https://api.opentyphoon.ai/v1/chat/completions "HTTP/1.1 200 OK"
2026-04-08 11:00:05,432 [INFO] HTTP Request: POST https://api.opentyphoon.ai/v1/chat/completions "HTTP/1.1 200 OK"
2026-04-08 11:00:14,005 [INFO] HTTP Request: POST https://api.opentyphoon.ai/v1/chat/completions "HTTP/1.1 200 OK"
2026-04-08 11:00:20,760 [INFO] HTTP Request: POST https://api.opentyphoon.ai/v1/chat/completions "HTTP/1.1 200 OK"
2026-04-08 11:00:33,314 [INFO] HTTP Request: POST https://api.opentyphoon.ai/v1/chat/completions "HTTP/1.1 200 OK"
2026-04-08 11:00:49,837 [INFO] HTTP Request: POST https://api.opentyphoon.ai/v1/chat/completions "HTTP/1.1 200 OK"
2026-04-08 11:00:56,682 [INFO] HTTP Request: POST https://api.opentyphoon.ai/v1/chat/completions "HTTP/1.1 200 OK"
2026-04-08 11:01:13,538 [INFO] HTTP Request: POST https://api.opentyphoon.ai/v1/chat/completions "HTTP/1.1 200 OK"
2026-04-08 11:01:32,956 [INFO] HTTP Request: POST https://api.opentyphoon.ai/v1/chat/completions "HTTP/1.1 200 OK"
2026-04-08 11:01:32,961 [INFO] [const_2534a] Done — 14 pages, 15,038 characters
2026-04-08 11:01:32,984 [INFO] [const_2534b] Starting OCR — Constitution 2534 (80 pages)
2026-04-08 11:01:50,569 [INFO] HTTP Request: POST https://api.opentyphoon.ai/v1/chat/completions "HTTP/1.1 200 OK"
2026-04-08 11:02:00,726 [INFO] HTTP Request: POST https://api.opentyphoon.ai/v1/chat/completions "HTTP/1.1 200 OK"
2026-04-08 11:02:23,202 [INFO] HTTP Request: POST https://api.opentyphoon.ai/v1/chat/completions "HTTP/1.1 200 OK"
2026-04-08 11:02:33,369 [INFO] HTTP Request: POST https://api.opentyphoon.ai/v1/chat/completions "HTTP/1.1 200 OK"
2026-04-08 11:02:55,926 [INFO] HTTP Request: POST https://api.opentyphoon.ai/v1/chat/completions "HTTP/1.1 200 OK"
2026-04-08 11:03:04,735 [INFO] HTTP Request: POST https://api.opentyphoon.ai/v1/chat/completions "HTTP/1.1 200 OK"
2026-04-08 11:03:21,267 [INFO] HTTP Request: POST https://api.opentyphoon.ai/v1/chat/completions "HTTP/1.1 200 OK"
2026-04-08 11:03:40,953 [INFO] HTTP Request: POST https://api.opentyphoon.ai/v1/chat/completions "HTTP/1.1 200 OK"
2026-04-08 11:03:50,485 [INFO] HTTP Request: POST https://api.opentyphoon.ai/v1/chat/completions "HTTP/1.1 200 OK"
2026-04-08 11:03:58,770 [INFO] HTTP Request: POST https://api.opentyphoon.ai/v1/chat/completions "HTTP/1.1 200 OK"
2026-04-08 11:04:15,598 [INFO] HTTP Request: POST https://api.opentyphoon.ai/v1/chat/completions "HTTP/1.1 200 OK"
2026-04-08 11:04:30,386 [INFO] HTTP Request: POST https://api.opentyphoon.ai/v1/chat/completions "HTTP/1.1 200 OK"
2026-04-08 11:04:39,367 [INFO] HTTP Request: POST https://api.opentyphoon.ai/v1/chat/completions "HTTP/1.1 200 OK"
2026-04-08 11:04:53,374 [INFO] HTTP Request: POST https://api.opentyphoon.ai/v1/chat/completions "HTTP/1.1 200 OK"
2026-04-08 11:05:20,874 [INFO] HTTP Request: POST https://api.opentyphoon.ai/v1/chat/completions "HTTP/1.1 200 OK"
2026-04-08 11:05:37,008 [INFO] HTTP Request: POST https://api.opentyphoon.ai/v1/chat/completions "HTTP/1.1 200 OK"
2026-04-08 11:05:46,070 [INFO] HTTP Request: POST https://api.opentyphoon.ai/v1/chat/completions "HTTP/1.1 200 OK"
2026-04-08 11:06:05,221 [INFO] HTTP Request: POST https://api.opentyphoon.ai/v1/chat/completions "HTTP/1.1 200 OK"
2026-04-08 11:06:23,847 [INFO] HTTP Request: POST https://api.opentyphoon.ai/v1/chat/completions "HTTP/1.1 200 OK"
2026-04-08 11:06:38,656 [INFO] HTTP Request: POST https://api.opentyphoon.ai/v1/chat/completions "HTTP/1.1 200 OK"
2026-04-08 11:06:54,056 [INFO] HTTP Request: POST https://api.opentyphoon.ai/v1/chat/completions "HTTP/1.1 200 OK"
2026-04-08 11:07:04,689 [INFO] HTTP Request: POST https://api.opentyphoon.ai/v1/chat/completions "HTTP/1.1 200 OK"
2026-04-08 11:07:13,949 [INFO] HTTP Request: POST https://api.opentyphoon.ai/v1/chat/completions "HTTP/1.1 200 OK"
2026-04-08 11:07:29,519 [INFO] HTTP Request: POST https://api.opentyphoon.ai/v1/chat/completions "HTTP/1.1 200 OK"
2026-04-08 11:07:37,974 [INFO] HTTP Request: POST https://api.opentyphoon.ai/v1/chat/completions "HTTP/1.1 200 OK"
2026-04-08 11:07:48,014 [INFO] HTTP Request: POST https://api.opentyphoon.ai/v1/chat/completions "HTTP/1.1 200 OK"
2026-04-08 11:07:57,863 [INFO] HTTP Request: POST https://api.opentyphoon.ai/v1/chat/completions "HTTP/1.1 200 OK"
2026-04-08 11:08:07,780 [INFO] HTTP Request: POST https://api.opentyphoon.ai/v1/chat/completions "HTTP/1.1 200 OK"
2026-04-08 11:08:22,971 [INFO] HTTP Request: POST https://api.opentyphoon.ai/v1/chat/completions "HTTP/1.1 200 OK"
2026-04-08 11:08:32,825 [INFO] HTTP Request: POST https://api.opentyphoon.ai/v1/chat/completions "HTTP/1.1 200 OK"
2026-04-08 11:08:56,934 [INFO] HTTP Request: POST https://api.opentyphoon.ai/v1/chat/completions "HTTP/1.1 200 OK"
2026-04-08 11:09:05,447 [INFO] HTTP Request: POST https://api.opentyphoon.ai/v1/chat/completions "HTTP/1.1 200 OK"
2026-04-08 11:09:14,100 [INFO] HTTP Request: POST https://api.opentyphoon.ai/v1/chat/completions "HTTP/1.1 200 OK"
2026-04-08 11:09:28,859 [INFO] HTTP Request: POST https://api.opentyphoon.ai/v1/chat/completions "HTTP/1.1 200 OK"
2026-04-08 11:09:47,056 [INFO] HTTP Request: POST https://api.opentyphoon.ai/v1/chat/completions "HTTP/1.1 200 OK"
2026-04-08 11:09:55,155 [INFO] HTTP Request: POST https://api.opentyphoon.ai/v1/chat/completions "HTTP/1.1 200 OK"
2026-04-08 11:10:02,780 [INFO] HTTP Request: POST https://api.opentyphoon.ai/v1/chat/completions "HTTP/1.1 200 OK"
2026-04-08 11:10:09,848 [INFO] HTTP Request: POST https://api.opentyphoon.ai/v1/chat/completions "HTTP/1.1 200 OK"
2026-04-08 11:10:23,100 [INFO] HTTP Request: POST https://api.opentyphoon.ai/v1/chat/completions "HTTP/1.1 200 OK"
2026-04-08 11:10:35,564 [INFO] HTTP Request: POST https://api.opentyphoon.ai/v1/chat/completions "HTTP/1.1 200 OK"
2026-04-08 11:10:46,503 [INFO] HTTP Request: POST https://api.opentyphoon.ai/v1/chat/completions "HTTP/1.1 200 OK"
2026-04-08 11:10:55,247 [INFO] HTTP Request: POST https://api.opentyphoon.ai/v1/chat/completions "HTTP/1.1 200 OK"
2026-04-08 11:11:19,739 [INFO] HTTP Request: POST https://api.opentyphoon.ai/v1/chat/completions "HTTP/1.1 200 OK"
2026-04-08 11:11:39,677 [INFO] HTTP Request: POST https://api.opentyphoon.ai/v1/chat/completions "HTTP/1.1 200 OK"
2026-04-08 11:11:54,790 [INFO] HTTP Request: POST https://api.opentyphoon.ai/v1/chat/completions "HTTP/1.1 200 OK"
2026-04-08 11:12:06,368 [INFO] HTTP Request: POST https://api.opentyphoon.ai/v1/chat/completions "HTTP/1.1 200 OK"
2026-04-08 11:12:18,438 [INFO] HTTP Request: POST https://api.opentyphoon.ai/v1/chat/completions "HTTP/1.1 200 OK"
2026-04-08 11:12:32,765 [INFO] HTTP Request: POST https://api.opentyphoon.ai/v1/chat/completions "HTTP/1.1 200 OK"
2026-04-08 11:12:43,550 [INFO] HTTP Request: POST https://api.opentyphoon.ai/v1/chat/completions "HTTP/1.1 200 OK"
2026-04-08 11:12:52,188 [INFO] HTTP Request: POST https://api.opentyphoon.ai/v1/chat/completions "HTTP/1.1 200 OK"
2026-04-08 11:13:02,057 [INFO] HTTP Request: POST https://api.opentyphoon.ai/v1/chat/completions "HTTP/1.1 200 OK"
2026-04-08 11:13:11,218 [INFO] HTTP Request: POST https://api.opentyphoon.ai/v1/chat/completions "HTTP/1.1 200 OK"
2026-04-08 11:13:31,889 [INFO] HTTP Request: POST https://api.opentyphoon.ai/v1/chat/completions "HTTP/1.1 200 OK"
2026-04-08 11:13:44,231 [INFO] HTTP Request: POST https://api.opentyphoon.ai/v1/chat/completions "HTTP/1.1 200 OK"
2026-04-08 11:13:51,978 [INFO] HTTP Request: POST https://api.opentyphoon.ai/v1/chat/completions "HTTP/1.1 200 OK"
2026-04-08 11:13:59,306 [INFO] HTTP Request: POST https://api.opentyphoon.ai/v1/chat/completions "HTTP/1.1 200 OK"
2026-04-08 11:14:26,099 [INFO] HTTP Request: POST https://api.opentyphoon.ai/v1/chat/completions "HTTP/1.1 200 OK"
2026-04-08 11:14:33,968 [INFO] HTTP Request: POST https://api.opentyphoon.ai/v1/chat/completions "HTTP/1.1 200 OK"
2026-04-08 11:14:52,230 [INFO] HTTP Request: POST https://api.opentyphoon.ai/v1/chat/completions "HTTP/1.1 200 OK"
2026-04-08 11:14:59,459 [INFO] HTTP Request: POST https://api.opentyphoon.ai/v1/chat/completions "HTTP/1.1 200 OK"
2026-04-08 11:15:07,560 [INFO] HTTP Request: POST https://api.opentyphoon.ai/v1/chat/completions "HTTP/1.1 200 OK"
2026-04-08 11:15:19,053 [INFO] HTTP Request: POST https://api.opentyphoon.ai/v1/chat/completions "HTTP/1.1 200 OK"
2026-04-08 11:15:27,717 [INFO] HTTP Request: POST https://api.opentyphoon.ai/v1/chat/completions "HTTP/1.1 200 OK"
2026-04-08 11:15:36,047 [INFO] HTTP Request: POST https://api.opentyphoon.ai/v1/chat/completions "HTTP/1.1 200 OK"
2026-04-08 11:15:48,879 [INFO] HTTP Request: POST https://api.opentyphoon.ai/v1/chat/completions "HTTP/1.1 200 OK"
2026-04-08 11:15:57,643 [INFO] HTTP Request: POST https://api.opentyphoon.ai/v1/chat/completions "HTTP/1.1 200 OK"
2026-04-08 11:16:06,073 [INFO] HTTP Request: POST https://api.opentyphoon.ai/v1/chat/completions "HTTP/1.1 200 OK"
2026-04-08 11:16:14,753 [INFO] HTTP Request: POST https://api.opentyphoon.ai/v1/chat/completions "HTTP/1.1 200 OK"
2026-04-08 11:16:23,035 [INFO] HTTP Request: POST https://api.opentyphoon.ai/v1/chat/completions "HTTP/1.1 200 OK"
2026-04-08 11:16:30,540 [INFO] HTTP Request: POST https://api.opentyphoon.ai/v1/chat/completions "HTTP/1.1 200 OK"
2026-04-08 11:16:39,050 [INFO] HTTP Request: POST https://api.opentyphoon.ai/v1/chat/completions "HTTP/1.1 200 OK"
2026-04-08 11:16:47,703 [INFO] HTTP Request: POST https://api.opentyphoon.ai/v1/chat/completions "HTTP/1.1 200 OK"
2026-04-08 11:17:00,259 [INFO] HTTP Request: POST https://api.opentyphoon.ai/v1/chat/completions "HTTP/1.1 200 OK"
2026-04-08 11:17:10,445 [INFO] HTTP Request: POST https://api.opentyphoon.ai/v1/chat/completions "HTTP/1.1 200 OK"
2026-04-08 11:17:19,546 [INFO] HTTP Request: POST https://api.opentyphoon.ai/v1/chat/completions "HTTP/1.1 200 OK"
2026-04-08 11:17:27,446 [INFO] HTTP Request: POST https://api.opentyphoon.ai/v1/chat/completions "HTTP/1.1 200 OK"
2026-04-08 11:17:36,240 [INFO] HTTP Request: POST https://api.opentyphoon.ai/v1/chat/completions "HTTP/1.1 200 OK"
2026-04-08 11:17:45,868 [INFO] HTTP Request: POST https://api.opentyphoon.ai/v1/chat/completions "HTTP/1.1 200 OK"
2026-04-08 11:17:55,238 [INFO] HTTP Request: POST https://api.opentyphoon.ai/v1/chat/completions "HTTP/1.1 200 OK"
2026-04-08 11:18:03,144 [INFO] HTTP Request: POST https://api.opentyphoon.ai/v1/chat/completions "HTTP/1.1 200 OK"
2026-04-08 11:18:03,152 [INFO] [const_2534b] Done — 80 pages, 86,598 characters
2026-04-08 11:18:03,169 [INFO] [const_2535a] Starting OCR — Constitution 2535 (No.1) (4 pages)
2026-04-08 11:18:17,507 [INFO] HTTP Request: POST https://api.opentyphoon.ai/v1/chat/completions "HTTP/1.1 200 OK"
2026-04-08 11:18:25,053 [INFO] HTTP Request: POST https://api.opentyphoon.ai/v1/chat/completions "HTTP/1.1 200 OK"
2026-04-08 11:18:32,834 [INFO] HTTP Request: POST https://api.opentyphoon.ai/v1/chat/completions "HTTP/1.1 200 OK"
2026-04-08 11:18:38,272 [INFO] HTTP Request: POST https://api.opentyphoon.ai/v1/chat/completions "HTTP/1.1 200 OK"
2026-04-08 11:18:38,276 [INFO] [const_2535a] Done — 4 pages, 2,578 characters
2026-04-08 11:18:38,292 [INFO] [const_2535b] Starting OCR — Constitution 2535 (No.2) (3 pages)
2026-04-08 11:18:41,024 [INFO] HTTP Request: POST https://api.opentyphoon.ai/v1/chat/completions "HTTP/1.1 200 OK"
2026-04-08 11:18:46,934 [INFO] HTTP Request: POST https://api.opentyphoon.ai/v1/chat/completions "HTTP/1.1 200 OK"
2026-04-08 11:18:53,290 [INFO] HTTP Request: POST https://api.opentyphoon.ai/v1/chat/completions "HTTP/1.1 200 OK"
2026-04-08 11:18:53,294 [INFO] [const_2535b] Done — 3 pages, 1,643 characters
2026-04-08 11:18:53,340 [INFO] [const_2535c] Starting OCR — Constitution 2535 (No.3) (3 pages)
2026-04-08 11:18:57,144 [INFO] HTTP Request: POST https://api.opentyphoon.ai/v1/chat/completions "HTTP/1.1 200 OK"
2026-04-08 11:19:02,363 [INFO] HTTP Request: POST https://api.opentyphoon.ai/v1/chat/completions "HTTP/1.1 200 OK"
2026-04-08 11:19:09,873 [INFO] HTTP Request: POST https://api.opentyphoon.ai/v1/chat/completions "HTTP/1.1 200 OK"
2026-04-08 11:19:09,876 [INFO] [const_2535c] Done — 3 pages, 1,229 characters
2026-04-08 11:19:09,894 [INFO] [const_2535d] Starting OCR — Constitution 2535 (No.4) (3 pages)
2026-04-08 11:19:13,603 [INFO] HTTP Request: POST https://api.opentyphoon.ai/v1/chat/completions "HTTP/1.1 200 OK"
2026-04-08 11:19:20,850 [INFO] HTTP Request: POST https://api.opentyphoon.ai/v1/chat/completions "HTTP/1.1 200 OK"
2026-04-08 11:19:26,034 [INFO] HTTP Request: POST https://api.opentyphoon.ai/v1/chat/completions "HTTP/1.1 200 OK"
2026-04-08 11:19:26,038 [INFO] [const_2535d] Done — 3 pages, 1,451 characters
2026-04-08 11:19:26,065 [INFO] [const_2538] Starting OCR — Constitution 2538 (71 pages)
2026-04-08 11:19:29,429 [INFO] HTTP Request: POST https://api.opentyphoon.ai/v1/chat/completions "HTTP/1.1 200 OK"
2026-04-08 11:19:38,173 [INFO] HTTP Request: POST https://api.opentyphoon.ai/v1/chat/completions "HTTP/1.1 200 OK"
2026-04-08 11:19:49,170 [INFO] HTTP Request: POST https://api.opentyphoon.ai/v1/chat/completions "HTTP/1.1 200 OK"
2026-04-08 11:19:55,894 [INFO] HTTP Request: POST https://api.opentyphoon.ai/v1/chat/completions "HTTP/1.1 200 OK"
2026-04-08 11:20:05,792 [INFO] HTTP Request: POST https://api.opentyphoon.ai/v1/chat/completions "HTTP/1.1 200 OK"
2026-04-08 11:20:13,669 [INFO] HTTP Request: POST https://api.opentyphoon.ai/v1/chat/completions "HTTP/1.1 200 OK"
2026-04-08 11:20:22,532 [INFO] HTTP Request: POST https://api.opentyphoon.ai/v1/chat/completions "HTTP/1.1 200 OK"
2026-04-08 11:20:31,068 [INFO] HTTP Request: POST https://api.opentyphoon.ai/v1/chat/completions "HTTP/1.1 200 OK"
2026-04-08 11:20:40,336 [INFO] HTTP Request: POST https://api.opentyphoon.ai/v1/chat/completions "HTTP/1.1 200 OK"
2026-04-08 11:20:50,569 [INFO] HTTP Request: POST https://api.opentyphoon.ai/v1/chat/completions "HTTP/1.1 200 OK"
2026-04-08 11:20:58,019 [INFO] HTTP Request: POST https://api.opentyphoon.ai/v1/chat/completions "HTTP/1.1 200 OK"
2026-04-08 11:21:05,746 [INFO] HTTP Request: POST https://api.opentyphoon.ai/v1/chat/completions "HTTP/1.1 200 OK"
2026-04-08 11:21:14,200 [INFO] HTTP Request: POST https://api.opentyphoon.ai/v1/chat/completions "HTTP/1.1 200 OK"
2026-04-08 11:21:25,372 [INFO] HTTP Request: POST https://api.opentyphoon.ai/v1/chat/completions "HTTP/1.1 200 OK"
2026-04-08 11:21:34,835 [INFO] HTTP Request: POST https://api.opentyphoon.ai/v1/chat/completions "HTTP/1.1 200 OK"
2026-04-08 11:21:43,937 [INFO] HTTP Request: POST https://api.opentyphoon.ai/v1/chat/completions "HTTP/1.1 200 OK"
2026-04-08 11:21:53,104 [INFO] HTTP Request: POST https://api.opentyphoon.ai/v1/chat/completions "HTTP/1.1 200 OK"
2026-04-08 11:21:59,587 [INFO] HTTP Request: POST https://api.opentyphoon.ai/v1/chat/completions "HTTP/1.1 200 OK"
2026-04-08 11:22:07,747 [INFO] HTTP Request: POST https://api.opentyphoon.ai/v1/chat/completions "HTTP/1.1 200 OK"
2026-04-08 11:22:15,800 [INFO] HTTP Request: POST https://api.opentyphoon.ai/v1/chat/completions "HTTP/1.1 200 OK"
2026-04-08 11:22:24,405 [INFO] HTTP Request: POST https://api.opentyphoon.ai/v1/chat/completions "HTTP/1.1 200 OK"
2026-04-08 11:22:31,784 [INFO] HTTP Request: POST https://api.opentyphoon.ai/v1/chat/completions "HTTP/1.1 200 OK"
2026-04-08 11:22:39,510 [INFO] HTTP Request: POST https://api.opentyphoon.ai/v1/chat/completions "HTTP/1.1 200 OK"
2026-04-08 11:22:48,859 [INFO] HTTP Request: POST https://api.opentyphoon.ai/v1/chat/completions "HTTP/1.1 200 OK"
2026-04-08 11:22:56,507 [INFO] HTTP Request: POST https://api.opentyphoon.ai/v1/chat/completions "HTTP/1.1 200 OK"
2026-04-08 11:23:06,237 [INFO] HTTP Request: POST https://api.opentyphoon.ai/v1/chat/completions "HTTP/1.1 200 OK"
2026-04-08 11:23:13,449 [INFO] HTTP Request: POST https://api.opentyphoon.ai/v1/chat/completions "HTTP/1.1 200 OK"
2026-04-08 11:23:21,427 [INFO] HTTP Request: POST https://api.opentyphoon.ai/v1/chat/completions "HTTP/1.1 200 OK"
2026-04-08 11:23:29,932 [INFO] HTTP Request: POST https://api.opentyphoon.ai/v1/chat/completions "HTTP/1.1 200 OK"
2026-04-08 11:23:37,536 [INFO] HTTP Request: POST https://api.opentyphoon.ai/v1/chat/completions "HTTP/1.1 200 OK"
2026-04-08 11:23:44,120 [INFO] HTTP Request: POST https://api.opentyphoon.ai/v1/chat/completions "HTTP/1.1 200 OK"
2026-04-08 11:23:52,522 [INFO] HTTP Request: POST https://api.opentyphoon.ai/v1/chat/completions "HTTP/1.1 200 OK"
2026-04-08 11:24:02,124 [INFO] HTTP Request: POST https://api.opentyphoon.ai/v1/chat/completions "HTTP/1.1 200 OK"
2026-04-08 11:24:10,171 [INFO] HTTP Request: POST https://api.opentyphoon.ai/v1/chat/completions "HTTP/1.1 200 OK"
2026-04-08 11:24:18,449 [INFO] HTTP Request: POST https://api.opentyphoon.ai/v1/chat/completions "HTTP/1.1 200 OK"
2026-04-08 11:24:26,267 [INFO] HTTP Request: POST https://api.opentyphoon.ai/v1/chat/completions "HTTP/1.1 200 OK"
2026-04-08 11:24:34,440 [INFO] HTTP Request: POST https://api.opentyphoon.ai/v1/chat/completions "HTTP/1.1 200 OK"
2026-04-08 11:24:45,023 [INFO] HTTP Request: POST https://api.opentyphoon.ai/v1/chat/completions "HTTP/1.1 200 OK"
2026-04-08 11:24:52,886 [INFO] HTTP Request: POST https://api.opentyphoon.ai/v1/chat/completions "HTTP/1.1 200 OK"
2026-04-08 11:25:00,937 [INFO] HTTP Request: POST https://api.opentyphoon.ai/v1/chat/completions "HTTP/1.1 200 OK"
2026-04-08 11:25:08,016 [INFO] HTTP Request: POST https://api.opentyphoon.ai/v1/chat/completions "HTTP/1.1 200 OK"
2026-04-08 11:25:20,537 [INFO] HTTP Request: POST https://api.opentyphoon.ai/v1/chat/completions "HTTP/1.1 200 OK"
2026-04-08 11:25:29,550 [INFO] HTTP Request: POST https://api.opentyphoon.ai/v1/chat/completions "HTTP/1.1 200 OK"
2026-04-08 11:25:37,744 [INFO] HTTP Request: POST https://api.opentyphoon.ai/v1/chat/completions "HTTP/1.1 200 OK"
2026-04-08 11:25:49,068 [INFO] HTTP Request: POST https://api.opentyphoon.ai/v1/chat/completions "HTTP/1.1 200 OK"
2026-04-08 11:26:01,482 [INFO] HTTP Request: POST https://api.opentyphoon.ai/v1/chat/completions "HTTP/1.1 200 OK"
2026-04-08 11:26:09,350 [INFO] HTTP Request: POST https://api.opentyphoon.ai/v1/chat/completions "HTTP/1.1 200 OK"
2026-04-08 11:26:17,010 [INFO] HTTP Request: POST https://api.opentyphoon.ai/v1/chat/completions "HTTP/1.1 200 OK"
2026-04-08 11:26:24,807 [INFO] HTTP Request: POST https://api.opentyphoon.ai/v1/chat/completions "HTTP/1.1 200 OK"
2026-04-08 11:26:36,566 [INFO] HTTP Request: POST https://api.opentyphoon.ai/v1/chat/completions "HTTP/1.1 200 OK"
2026-04-08 11:26:43,926 [INFO] HTTP Request: POST https://api.opentyphoon.ai/v1/chat/completions "HTTP/1.1 200 OK"
2026-04-08 11:26:53,701 [INFO] HTTP Request: POST https://api.opentyphoon.ai/v1/chat/completions "HTTP/1.1 200 OK"
2026-04-08 11:27:00,813 [INFO] HTTP Request: POST https://api.opentyphoon.ai/v1/chat/completions "HTTP/1.1 200 OK"
2026-04-08 11:27:08,576 [INFO] HTTP Request: POST https://api.opentyphoon.ai/v1/chat/completions "HTTP/1.1 200 OK"
2026-04-08 11:27:17,410 [INFO] HTTP Request: POST https://api.opentyphoon.ai/v1/chat/completions "HTTP/1.1 200 OK"
2026-04-08 11:27:25,631 [INFO] HTTP Request: POST https://api.opentyphoon.ai/v1/chat/completions "HTTP/1.1 200 OK"
2026-04-08 11:27:32,936 [INFO] HTTP Request: POST https://api.opentyphoon.ai/v1/chat/completions "HTTP/1.1 200 OK"
2026-04-08 11:27:41,338 [INFO] HTTP Request: POST https://api.opentyphoon.ai/v1/chat/completions "HTTP/1.1 200 OK"
2026-04-08 11:27:48,914 [INFO] HTTP Request: POST https://api.opentyphoon.ai/v1/chat/completions "HTTP/1.1 200 OK"
2026-04-08 11:27:57,810 [INFO] HTTP Request: POST https://api.opentyphoon.ai/v1/chat/completions "HTTP/1.1 200 OK"
2026-04-08 11:28:06,533 [INFO] HTTP Request: POST https://api.opentyphoon.ai/v1/chat/completions "HTTP/1.1 200 OK"
2026-04-08 11:28:13,794 [INFO] HTTP Request: POST https://api.opentyphoon.ai/v1/chat/completions "HTTP/1.1 200 OK"
2026-04-08 11:28:21,866 [INFO] HTTP Request: POST https://api.opentyphoon.ai/v1/chat/completions "HTTP/1.1 200 OK"
2026-04-08 11:28:29,740 [INFO] HTTP Request: POST https://api.opentyphoon.ai/v1/chat/completions "HTTP/1.1 200 OK"
2026-04-08 11:28:38,435 [INFO] HTTP Request: POST https://api.opentyphoon.ai/v1/chat/completions "HTTP/1.1 200 OK"
2026-04-08 11:28:51,191 [INFO] HTTP Request: POST https://api.opentyphoon.ai/v1/chat/completions "HTTP/1.1 200 OK"
2026-04-08 11:28:59,864 [INFO] HTTP Request: POST https://api.opentyphoon.ai/v1/chat/completions "HTTP/1.1 200 OK"
2026-04-08 11:29:13,353 [INFO] HTTP Request: POST https://api.opentyphoon.ai/v1/chat/completions "HTTP/1.1 200 OK"
2026-04-08 11:29:21,881 [INFO] HTTP Request: POST https://api.opentyphoon.ai/v1/chat/completions "HTTP/1.1 200 OK"
2026-04-08 11:29:30,067 [INFO] HTTP Request: POST https://api.opentyphoon.ai/v1/chat/completions "HTTP/1.1 200 OK"
2026-04-08 11:29:41,192 [INFO] HTTP Request: POST https://api.opentyphoon.ai/v1/chat/completions "HTTP/1.1 200 OK"
2026-04-08 11:29:41,199 [INFO] [const_2538] Done — 71 pages, 80,391 characters
2026-04-08 11:29:41,217 [INFO] [const_2539] Starting OCR — Constitution 2539 (15 pages)
2026-04-08 11:29:43,934 [INFO] HTTP Request: POST https://api.opentyphoon.ai/v1/chat/completions "HTTP/1.1 200 OK"
2026-04-08 11:29:55,719 [INFO] HTTP Request: POST https://api.opentyphoon.ai/v1/chat/completions "HTTP/1.1 200 OK"
2026-04-08 11:30:06,568 [INFO] HTTP Request: POST https://api.opentyphoon.ai/v1/chat/completions "HTTP/1.1 200 OK"
2026-04-08 11:30:19,966 [INFO] HTTP Request: POST https://api.opentyphoon.ai/v1/chat/completions "HTTP/1.1 200 OK"
2026-04-08 11:30:32,825 [INFO] HTTP Request: POST https://api.opentyphoon.ai/v1/chat/completions "HTTP/1.1 200 OK"
2026-04-08 11:30:40,033 [INFO] HTTP Request: POST https://api.opentyphoon.ai/v1/chat/completions "HTTP/1.1 200 OK"
2026-04-08 11:30:47,569 [INFO] HTTP Request: POST https://api.opentyphoon.ai/v1/chat/completions "HTTP/1.1 200 OK"
2026-04-08 11:30:56,547 [INFO] HTTP Request: POST https://api.opentyphoon.ai/v1/chat/completions "HTTP/1.1 200 OK"
2026-04-08 11:31:04,404 [INFO] HTTP Request: POST https://api.opentyphoon.ai/v1/chat/completions "HTTP/1.1 200 OK"
2026-04-08 11:31:11,232 [INFO] HTTP Request: POST https://api.opentyphoon.ai/v1/chat/completions "HTTP/1.1 200 OK"
2026-04-08 11:31:18,161 [INFO] HTTP Request: POST https://api.opentyphoon.ai/v1/chat/completions "HTTP/1.1 200 OK"
2026-04-08 11:31:25,252 [INFO] HTTP Request: POST https://api.opentyphoon.ai/v1/chat/completions "HTTP/1.1 200 OK"
2026-04-08 11:31:39,164 [INFO] HTTP Request: POST https://api.opentyphoon.ai/v1/chat/completions "HTTP/1.1 200 OK"
2026-04-08 11:31:45,598 [INFO] HTTP Request: POST https://api.opentyphoon.ai/v1/chat/completions "HTTP/1.1 200 OK"
2026-04-08 11:31:51,828 [INFO] HTTP Request: POST https://api.opentyphoon.ai/v1/chat/completions "HTTP/1.1 200 OK"
2026-04-08 11:31:51,832 [INFO] [const_2539] Done — 15 pages, 15,523 characters
2026-04-08 11:31:51,865 [INFO] [const_2540] Starting OCR — Constitution 2540 (99 pages)
2026-04-08 11:31:57,929 [INFO] HTTP Request: POST https://api.opentyphoon.ai/v1/chat/completions "HTTP/1.1 200 OK"
2026-04-08 11:32:06,813 [INFO] HTTP Request: POST https://api.opentyphoon.ai/v1/chat/completions "HTTP/1.1 200 OK"
2026-04-08 11:32:14,917 [INFO] HTTP Request: POST https://api.opentyphoon.ai/v1/chat/completions "HTTP/1.1 200 OK"
2026-04-08 11:32:23,820 [INFO] HTTP Request: POST https://api.opentyphoon.ai/v1/chat/completions "HTTP/1.1 200 OK"
2026-04-08 11:32:33,136 [INFO] HTTP Request: POST https://api.opentyphoon.ai/v1/chat/completions "HTTP/1.1 200 OK"
2026-04-08 11:32:41,450 [INFO] HTTP Request: POST https://api.opentyphoon.ai/v1/chat/completions "HTTP/1.1 200 OK"
2026-04-08 11:32:49,532 [INFO] HTTP Request: POST https://api.opentyphoon.ai/v1/chat/completions "HTTP/1.1 200 OK"
2026-04-08 11:33:05,851 [INFO] HTTP Request: POST https://api.opentyphoon.ai/v1/chat/completions "HTTP/1.1 200 OK"
2026-04-08 11:33:22,983 [INFO] HTTP Request: POST https://api.opentyphoon.ai/v1/chat/completions "HTTP/1.1 200 OK"
2026-04-08 11:33:39,917 [INFO] HTTP Request: POST https://api.opentyphoon.ai/v1/chat/completions "HTTP/1.1 200 OK"
2026-04-08 11:33:50,935 [INFO] HTTP Request: POST https://api.opentyphoon.ai/v1/chat/completions "HTTP/1.1 200 OK"
2026-04-08 11:34:00,453 [INFO] HTTP Request: POST https://api.opentyphoon.ai/v1/chat/completions "HTTP/1.1 200 OK"
2026-04-08 11:34:09,460 [INFO] HTTP Request: POST https://api.opentyphoon.ai/v1/chat/completions "HTTP/1.1 200 OK"
2026-04-08 11:34:22,889 [INFO] HTTP Request: POST https://api.opentyphoon.ai/v1/chat/completions "HTTP/1.1 200 OK"
2026-04-08 11:34:31,129 [INFO] HTTP Request: POST https://api.opentyphoon.ai/v1/chat/completions "HTTP/1.1 200 OK"
2026-04-08 11:34:41,812 [INFO] HTTP Request: POST https://api.opentyphoon.ai/v1/chat/completions "HTTP/1.1 200 OK"
2026-04-08 11:34:49,988 [INFO] HTTP Request: POST https://api.opentyphoon.ai/v1/chat/completions "HTTP/1.1 200 OK"
2026-04-08 11:35:00,324 [INFO] HTTP Request: POST https://api.opentyphoon.ai/v1/chat/completions "HTTP/1.1 200 OK"
2026-04-08 11:35:10,447 [INFO] HTTP Request: POST https://api.opentyphoon.ai/v1/chat/completions "HTTP/1.1 200 OK"
2026-04-08 11:35:19,895 [INFO] HTTP Request: POST https://api.opentyphoon.ai/v1/chat/completions "HTTP/1.1 200 OK"
2026-04-08 11:35:33,371 [INFO] HTTP Request: POST https://api.opentyphoon.ai/v1/chat/completions "HTTP/1.1 200 OK"
2026-04-08 11:35:41,819 [INFO] HTTP Request: POST https://api.opentyphoon.ai/v1/chat/completions "HTTP/1.1 200 OK"
2026-04-08 11:35:50,881 [INFO] HTTP Request: POST https://api.opentyphoon.ai/v1/chat/completions "HTTP/1.1 200 OK"
2026-04-08 11:36:01,167 [INFO] HTTP Request: POST https://api.opentyphoon.ai/v1/chat/completions "HTTP/1.1 200 OK"
2026-04-08 11:36:10,545 [INFO] HTTP Request: POST https://api.opentyphoon.ai/v1/chat/completions "HTTP/1.1 200 OK"
2026-04-08 11:36:19,092 [INFO] HTTP Request: POST https://api.opentyphoon.ai/v1/chat/completions "HTTP/1.1 200 OK"
2026-04-08 11:36:28,328 [INFO] HTTP Request: POST https://api.opentyphoon.ai/v1/chat/completions "HTTP/1.1 200 OK"
2026-04-08 11:36:36,688 [INFO] HTTP Request: POST https://api.opentyphoon.ai/v1/chat/completions "HTTP/1.1 200 OK"
2026-04-08 11:36:45,586 [INFO] HTTP Request: POST https://api.opentyphoon.ai/v1/chat/completions "HTTP/1.1 200 OK"
2026-04-08 11:36:57,123 [INFO] HTTP Request: POST https://api.opentyphoon.ai/v1/chat/completions "HTTP/1.1 200 OK"
2026-04-08 11:37:08,751 [INFO] HTTP Request: POST https://api.opentyphoon.ai/v1/chat/completions "HTTP/1.1 200 OK"
2026-04-08 11:37:23,688 [INFO] HTTP Request: POST https://api.opentyphoon.ai/v1/chat/completions "HTTP/1.1 200 OK"
2026-04-08 11:37:32,736 [INFO] HTTP Request: POST https://api.opentyphoon.ai/v1/chat/completions "HTTP/1.1 200 OK"
2026-04-08 11:37:41,631 [INFO] HTTP Request: POST https://api.opentyphoon.ai/v1/chat/completions "HTTP/1.1 200 OK"
2026-04-08 11:37:52,355 [INFO] HTTP Request: POST https://api.opentyphoon.ai/v1/chat/completions "HTTP/1.1 200 OK"
2026-04-08 11:38:02,067 [INFO] HTTP Request: POST https://api.opentyphoon.ai/v1/chat/completions "HTTP/1.1 200 OK"
2026-04-08 11:38:12,280 [INFO] HTTP Request: POST https://api.opentyphoon.ai/v1/chat/completions "HTTP/1.1 200 OK"
2026-04-08 11:38:22,207 [INFO] HTTP Request: POST https://api.opentyphoon.ai/v1/chat/completions "HTTP/1.1 200 OK"
2026-04-08 11:38:35,048 [INFO] HTTP Request: POST https://api.opentyphoon.ai/v1/chat/completions "HTTP/1.1 200 OK"
2026-04-08 11:38:45,111 [INFO] HTTP Request: POST https://api.opentyphoon.ai/v1/chat/completions "HTTP/1.1 200 OK"
2026-04-08 11:38:54,769 [INFO] HTTP Request: POST https://api.opentyphoon.ai/v1/chat/completions "HTTP/1.1 200 OK"
2026-04-08 11:39:04,050 [INFO] HTTP Request: POST https://api.opentyphoon.ai/v1/chat/completions "HTTP/1.1 200 OK"
2026-04-08 11:39:14,996 [INFO] HTTP Request: POST https://api.opentyphoon.ai/v1/chat/completions "HTTP/1.1 200 OK"
2026-04-08 11:39:30,199 [INFO] HTTP Request: POST https://api.opentyphoon.ai/v1/chat/completions "HTTP/1.1 200 OK"
2026-04-08 11:39:39,282 [INFO] HTTP Request: POST https://api.opentyphoon.ai/v1/chat/completions "HTTP/1.1 200 OK"
2026-04-08 11:39:48,887 [INFO] HTTP Request: POST https://api.opentyphoon.ai/v1/chat/completions "HTTP/1.1 200 OK"
2026-04-08 11:40:02,853 [INFO] HTTP Request: POST https://api.opentyphoon.ai/v1/chat/completions "HTTP/1.1 200 OK"
2026-04-08 11:40:14,026 [INFO] HTTP Request: POST https://api.opentyphoon.ai/v1/chat/completions "HTTP/1.1 200 OK"
2026-04-08 11:40:22,374 [INFO] HTTP Request: POST https://api.opentyphoon.ai/v1/chat/completions "HTTP/1.1 200 OK"
2026-04-08 11:40:31,986 [INFO] HTTP Request: POST https://api.opentyphoon.ai/v1/chat/completions "HTTP/1.1 200 OK"
2026-04-08 11:40:42,634 [INFO] HTTP Request: POST https://api.opentyphoon.ai/v1/chat/completions "HTTP/1.1 200 OK"
2026-04-08 11:40:51,811 [INFO] HTTP Request: POST https://api.opentyphoon.ai/v1/chat/completions "HTTP/1.1 200 OK"
2026-04-08 11:41:03,337 [INFO] HTTP Request: POST https://api.opentyphoon.ai/v1/chat/completions "HTTP/1.1 200 OK"
2026-04-08 11:41:14,907 [INFO] HTTP Request: POST https://api.opentyphoon.ai/v1/chat/completions "HTTP/1.1 200 OK"
2026-04-08 11:41:23,909 [INFO] HTTP Request: POST https://api.opentyphoon.ai/v1/chat/completions "HTTP/1.1 200 OK"
2026-04-08 11:41:35,443 [INFO] HTTP Request: POST https://api.opentyphoon.ai/v1/chat/completions "HTTP/1.1 200 OK"
2026-04-08 11:41:44,906 [INFO] HTTP Request: POST https://api.opentyphoon.ai/v1/chat/completions "HTTP/1.1 200 OK"
2026-04-08 11:41:53,445 [INFO] HTTP Request: POST https://api.opentyphoon.ai/v1/chat/completions "HTTP/1.1 200 OK"
2026-04-08 11:42:03,069 [INFO] HTTP Request: POST https://api.opentyphoon.ai/v1/chat/completions "HTTP/1.1 200 OK"
2026-04-08 11:42:14,638 [INFO] HTTP Request: POST https://api.opentyphoon.ai/v1/chat/completions "HTTP/1.1 200 OK"
2026-04-08 11:42:28,140 [INFO] HTTP Request: POST https://api.opentyphoon.ai/v1/chat/completions "HTTP/1.1 200 OK"
2026-04-08 11:42:40,416 [INFO] HTTP Request: POST https://api.opentyphoon.ai/v1/chat/completions "HTTP/1.1 200 OK"
2026-04-08 11:42:48,755 [INFO] HTTP Request: POST https://api.opentyphoon.ai/v1/chat/completions "HTTP/1.1 200 OK"
2026-04-08 11:42:57,168 [INFO] HTTP Request: POST https://api.opentyphoon.ai/v1/chat/completions "HTTP/1.1 200 OK"
2026-04-08 11:43:07,226 [INFO] HTTP Request: POST https://api.opentyphoon.ai/v1/chat/completions "HTTP/1.1 200 OK"
2026-04-08 11:43:17,346 [INFO] HTTP Request: POST https://api.opentyphoon.ai/v1/chat/completions "HTTP/1.1 200 OK"
2026-04-08 11:43:26,571 [INFO] HTTP Request: POST https://api.opentyphoon.ai/v1/chat/completions "HTTP/1.1 200 OK"
2026-04-08 11:43:35,878 [INFO] HTTP Request: POST https://api.opentyphoon.ai/v1/chat/completions "HTTP/1.1 200 OK"
2026-04-08 11:43:44,792 [INFO] HTTP Request: POST https://api.opentyphoon.ai/v1/chat/completions "HTTP/1.1 200 OK"
2026-04-08 11:43:52,898 [INFO] HTTP Request: POST https://api.opentyphoon.ai/v1/chat/completions "HTTP/1.1 200 OK"
2026-04-08 11:44:00,676 [INFO] HTTP Request: POST https://api.opentyphoon.ai/v1/chat/completions "HTTP/1.1 200 OK"
2026-04-08 11:44:13,675 [INFO] HTTP Request: POST https://api.opentyphoon.ai/v1/chat/completions "HTTP/1.1 200 OK"
2026-04-08 11:44:21,644 [INFO] HTTP Request: POST https://api.opentyphoon.ai/v1/chat/completions "HTTP/1.1 200 OK"
2026-04-08 11:44:31,080 [INFO] HTTP Request: POST https://api.opentyphoon.ai/v1/chat/completions "HTTP/1.1 200 OK"
2026-04-08 11:44:40,226 [INFO] HTTP Request: POST https://api.opentyphoon.ai/v1/chat/completions "HTTP/1.1 200 OK"
2026-04-08 11:44:47,539 [INFO] HTTP Request: POST https://api.opentyphoon.ai/v1/chat/completions "HTTP/1.1 200 OK"
2026-04-08 11:44:56,674 [INFO] HTTP Request: POST https://api.opentyphoon.ai/v1/chat/completions "HTTP/1.1 200 OK"
2026-04-08 11:45:05,876 [INFO] HTTP Request: POST https://api.opentyphoon.ai/v1/chat/completions "HTTP/1.1 200 OK"
2026-04-08 11:45:14,457 [INFO] HTTP Request: POST https://api.opentyphoon.ai/v1/chat/completions "HTTP/1.1 200 OK"
2026-04-08 11:45:23,684 [INFO] HTTP Request: POST https://api.opentyphoon.ai/v1/chat/completions "HTTP/1.1 200 OK"
2026-04-08 11:45:32,300 [INFO] HTTP Request: POST https://api.opentyphoon.ai/v1/chat/completions "HTTP/1.1 200 OK"
2026-04-08 11:45:40,508 [INFO] HTTP Request: POST https://api.opentyphoon.ai/v1/chat/completions "HTTP/1.1 200 OK"
2026-04-08 11:45:50,347 [INFO] HTTP Request: POST https://api.opentyphoon.ai/v1/chat/completions "HTTP/1.1 200 OK"
2026-04-08 11:45:59,061 [INFO] HTTP Request: POST https://api.opentyphoon.ai/v1/chat/completions "HTTP/1.1 200 OK"
2026-04-08 11:46:08,768 [INFO] HTTP Request: POST https://api.opentyphoon.ai/v1/chat/completions "HTTP/1.1 200 OK"
2026-04-08 11:46:20,245 [INFO] HTTP Request: POST https://api.opentyphoon.ai/v1/chat/completions "HTTP/1.1 200 OK"
2026-04-08 11:46:31,798 [INFO] HTTP Request: POST https://api.opentyphoon.ai/v1/chat/completions "HTTP/1.1 200 OK"
2026-04-08 11:46:40,588 [INFO] HTTP Request: POST https://api.opentyphoon.ai/v1/chat/completions "HTTP/1.1 200 OK"
2026-04-08 11:46:52,046 [INFO] HTTP Request: POST https://api.opentyphoon.ai/v1/chat/completions "HTTP/1.1 200 OK"
2026-04-08 11:47:01,689 [INFO] HTTP Request: POST https://api.opentyphoon.ai/v1/chat/completions "HTTP/1.1 200 OK"
2026-04-08 11:47:11,494 [INFO] HTTP Request: POST https://api.opentyphoon.ai/v1/chat/completions "HTTP/1.1 200 OK"
2026-04-08 11:47:23,063 [INFO] HTTP Request: POST https://api.opentyphoon.ai/v1/chat/completions "HTTP/1.1 200 OK"
2026-04-08 11:47:33,740 [INFO] HTTP Request: POST https://api.opentyphoon.ai/v1/chat/completions "HTTP/1.1 200 OK"
2026-04-08 11:47:41,997 [INFO] HTTP Request: POST https://api.opentyphoon.ai/v1/chat/completions "HTTP/1.1 200 OK"
2026-04-08 11:47:50,146 [INFO] HTTP Request: POST https://api.opentyphoon.ai/v1/chat/completions "HTTP/1.1 200 OK"
2026-04-08 11:47:58,865 [INFO] HTTP Request: POST https://api.opentyphoon.ai/v1/chat/completions "HTTP/1.1 200 OK"
2026-04-08 11:48:07,192 [INFO] HTTP Request: POST https://api.opentyphoon.ai/v1/chat/completions "HTTP/1.1 200 OK"
2026-04-08 11:48:18,946 [INFO] HTTP Request: POST https://api.opentyphoon.ai/v1/chat/completions "HTTP/1.1 200 OK"
2026-04-08 11:48:25,865 [INFO] HTTP Request: POST https://api.opentyphoon.ai/v1/chat/completions "HTTP/1.1 200 OK"
2026-04-08 11:48:25,880 [INFO] [const_2540] Done — 99 pages, 193,506 characters
2026-04-08 11:48:25,892 [INFO] [const_2548] Starting OCR — Constitution 2548 (3 pages)
2026-04-08 11:48:29,715 [INFO] HTTP Request: POST https://api.opentyphoon.ai/v1/chat/completions "HTTP/1.1 200 OK"
2026-04-08 11:48:38,198 [INFO] HTTP Request: POST https://api.opentyphoon.ai/v1/chat/completions "HTTP/1.1 200 OK"
2026-04-08 11:48:44,370 [INFO] HTTP Request: POST https://api.opentyphoon.ai/v1/chat/completions "HTTP/1.1 200 OK"
2026-04-08 11:48:44,374 [INFO] [const_2548] Done — 3 pages, 3,261 characters
2026-04-08 11:48:44,390 [INFO] [const_2549] Starting OCR — Constitution 2549 (interim) (14 pages)
2026-04-08 11:48:49,772 [INFO] HTTP Request: POST https://api.opentyphoon.ai/v1/chat/completions "HTTP/1.1 200 OK"
2026-04-08 11:48:59,019 [INFO] HTTP Request: POST https://api.opentyphoon.ai/v1/chat/completions "HTTP/1.1 200 OK"
2026-04-08 11:49:11,274 [INFO] HTTP Request: POST https://api.opentyphoon.ai/v1/chat/completions "HTTP/1.1 200 OK"
2026-04-08 11:49:21,810 [INFO] HTTP Request: POST https://api.opentyphoon.ai/v1/chat/completions "HTTP/1.1 200 OK"
2026-04-08 11:49:32,131 [INFO] HTTP Request: POST https://api.opentyphoon.ai/v1/chat/completions "HTTP/1.1 200 OK"
2026-04-08 11:49:43,479 [INFO] HTTP Request: POST https://api.opentyphoon.ai/v1/chat/completions "HTTP/1.1 200 OK"
2026-04-08 11:49:54,417 [INFO] HTTP Request: POST https://api.opentyphoon.ai/v1/chat/completions "HTTP/1.1 200 OK"
2026-04-08 11:50:05,643 [INFO] HTTP Request: POST https://api.opentyphoon.ai/v1/chat/completions "HTTP/1.1 200 OK"
2026-04-08 11:50:18,447 [INFO] HTTP Request: POST https://api.opentyphoon.ai/v1/chat/completions "HTTP/1.1 200 OK"
2026-04-08 11:50:32,590 [INFO] HTTP Request: POST https://api.opentyphoon.ai/v1/chat/completions "HTTP/1.1 200 OK"
2026-04-08 11:50:42,916 [INFO] HTTP Request: POST https://api.opentyphoon.ai/v1/chat/completions "HTTP/1.1 200 OK"
2026-04-08 11:50:56,246 [INFO] HTTP Request: POST https://api.opentyphoon.ai/v1/chat/completions "HTTP/1.1 200 OK"
2026-04-08 11:51:15,447 [INFO] HTTP Request: POST https://api.opentyphoon.ai/v1/chat/completions "HTTP/1.1 200 OK"
2026-04-08 11:51:26,911 [INFO] HTTP Request: POST https://api.opentyphoon.ai/v1/chat/completions "HTTP/1.1 200 OK"
2026-04-08 11:51:26,916 [INFO] [const_2549] Done — 14 pages, 24,814 characters
2026-04-08 12:49:41,221 [INFO] NumExpr defaulting to 4 threads.
